path,pages,words,paragraphs,sliding_window_chunks,error
data/nasdaq_annual_reports\1-800-flowerscom\NASDAQ_FLWS_2019.pdf,79,30742,130,614,
data/nasdaq_annual_reports\1-800-flowerscom\NASDAQ_FLWS_2020.pdf,79,29977,128,599,
data/nasdaq_annual_reports\1-800-flowerscom\NASDAQ_FLWS_2021.pdf,79,31586,131,631,
data/nasdaq_annual_reports\1-800-flowerscom\NASDAQ_FLWS_2022.pdf,100,48917,989,978,
data/nasdaq_annual_reports\10x-genomics-inc\NASDAQ_TXG_2019.pdf,152,84399,714,1687,
data/nasdaq_annual_reports\10x-genomics-inc\NASDAQ_TXG_2020.pdf,325,179250,317,3584,
data/nasdaq_annual_reports\10x-genomics-inc\NASDAQ_TXG_2021.pdf,152,91145,152,1822,
data/nasdaq_annual_reports\111-inc\NASDAQ_YI_2018.pdf,171,104081,2656,2081,
data/nasdaq_annual_reports\111-inc\NASDAQ_YI_2019.pdf,213,119906,4808,2398,
data/nasdaq_annual_reports\111-inc\NASDAQ_YI_2020.pdf,316,134104,323,2682,
data/nasdaq_annual_reports\111-inc\NASDAQ_YI_2021.pdf,189,115796,226,2315,
data/nasdaq_annual_reports\1347-property-insurance-holdings-inc\NASDAQ_PIH_2015.pdf,84,51985,121,1039,
data/nasdaq_annual_reports\1347-property-insurance-holdings-inc\NASDAQ_PIH_2016.pdf,92,46833,112,936,
data/nasdaq_annual_reports\1347-property-insurance-holdings-inc\NASDAQ_PIH_2017.pdf,102,54743,965,1094,
data/nasdaq_annual_reports\1895-bancorp-of-wisconsin-inc\NASDAQ_BCOW_2021.pdf,108,62087,665,1241,
data/nasdaq_annual_reports\1895-bancorp-of-wisconsin-inc\NASDAQ_BCOW_2022.pdf,104,59023,393,1180,
data/nasdaq_annual_reports\1st-source-corporation\NASDAQ_SRCE_2019.pdf,104,65295,238,1305,
data/nasdaq_annual_reports\1st-source-corporation\NASDAQ_SRCE_2020.pdf,116,72036,210,1440,
data/nasdaq_annual_reports\1st-source-corporation\NASDAQ_SRCE_2021.pdf,112,70413,204,1408,
data/nasdaq_annual_reports\1st-source-corporation\NASDAQ_SRCE_2022.pdf,112,68293,203,1365,
data/nasdaq_annual_reports\21vianet-group-inc\NASDAQ_VNET_2015.pdf,224,114549,878,2290,
data/nasdaq_annual_reports\21vianet-group-inc\NASDAQ_VNET_2016.pdf,367,178435,2438,3568,
data/nasdaq_annual_reports\21vianet-group-inc\NASDAQ_VNET_2017.pdf,256,122620,1540,2452,
data/nasdaq_annual_reports\21vianet-group-inc\NASDAQ_VNET_2018.pdf,233,121722,1446,2434,
data/nasdaq_annual_reports\21vianet-group-inc\NASDAQ_VNET_2019.pdf,483,214489,5285,4289,
data/nasdaq_annual_reports\2u-inc\NASDAQ_TWOU_2019.pdf,72,62470,75,1249,
data/nasdaq_annual_reports\2u-inc\NASDAQ_TWOU_2020.pdf,120,65862,160,1317,
data/nasdaq_annual_reports\2u-inc\NASDAQ_TWOU_2021.pdf,128,72160,177,1443,
data/nasdaq_annual_reports\2u-inc\NASDAQ_TWOU_2022.pdf,136,298852,374,5977,
data/nasdaq_annual_reports\360-finance-inc\NASDAQ_QFIN_2018.pdf,252,124840,3861,2496,
data/nasdaq_annual_reports\360-finance-inc\NASDAQ_QFIN_2019.pdf,234,132998,432,2659,
data/nasdaq_annual_reports\360-finance-inc\NASDAQ_QFIN_2020.pdf,218,118042,218,2360,
data/nasdaq_annual_reports\36kr-holdings-inc\NASDAQ_KRKR_2019.pdf,196,118183,5618,2363,
data/nasdaq_annual_reports\36kr-holdings-inc\NASDAQ_KRKR_2020.pdf,224,115205,5810,2304,
data/nasdaq_annual_reports\36kr-holdings-inc\NASDAQ_KRKR_2021.pdf,289,133422,289,2668,
data/nasdaq_annual_reports\36kr-holdings-inc\NASDAQ_KRKR_2022.pdf,249,120327,248,2406,
data/nasdaq_annual_reports\3d-systems-corp\NASDAQ_DDD_2017.pdf,91,52449,91,1048,
data/nasdaq_annual_reports\3d-systems-corp\NASDAQ_DDD_2018.pdf,87,44328,158,886,
data/nasdaq_annual_reports\3d-systems-corp\NASDAQ_DDD_2019.pdf,88,16672,86,333,
data/nasdaq_annual_reports\3d-systems-corp\NASDAQ_DDD_2020.pdf,193,79238,191,1584,
data/nasdaq_annual_reports\3d-systems-corp\NASDAQ_DDD_2021.pdf,289,133422,289,2668,
data/nasdaq_annual_reports\51job-inc\NASDAQ_JOBS_2015.pdf,121,80647,1484,1612,
data/nasdaq_annual_reports\51job-inc\NASDAQ_JOBS_2016.pdf,137,82205,137,1644,
data/nasdaq_annual_reports\51job-inc\NASDAQ_JOBS_2017.pdf,203,107119,203,2142,
data/nasdaq_annual_reports\51job-inc\NASDAQ_JOBS_2018.pdf,146,90821,146,1816,
data/nasdaq_annual_reports\51job-inc\NASDAQ_JOBS_2019.pdf,180,106777,180,2135,
data/nasdaq_annual_reports\89bio-inc\NASDAQ_ETNB_2019.pdf,185,100153,433,2003,
data/nasdaq_annual_reports\89bio-inc\NASDAQ_ETNB_2020.pdf,101,54130,280,1082,
data/nasdaq_annual_reports\89bio-inc\NASDAQ_ETNB_2021.pdf,102,54422,293,1088,
data/nasdaq_annual_reports\8x8-inc\NASDAQ_EGHT_2019.pdf,112,57939,418,1158,
data/nasdaq_annual_reports\8x8-inc\NASDAQ_EGHT_2020.pdf,106,60229,106,1204,
data/nasdaq_annual_reports\8x8-inc\NASDAQ_EGHT_2021.pdf,99,49546,99,990,
data/nasdaq_annual_reports\8x8-inc\NASDAQ_EGHT_2022.pdf,84,50876,84,1017,
data/nasdaq_annual_reports\9-meters-biopharma-inc\NASDAQ_NMTR_2017.pdf,493,206532,4364,4130,
data/nasdaq_annual_reports\9-meters-biopharma-inc\NASDAQ_NMTR_2018.pdf,119,71249,461,1424,
data/nasdaq_annual_reports\9-meters-biopharma-inc\NASDAQ_NMTR_2019.pdf,163,96274,693,1925,
data/nasdaq_annual_reports\9-meters-biopharma-inc\NASDAQ_NMTR_2020.pdf,124,70764,357,1415,
data/nasdaq_annual_reports\9-meters-biopharma-inc\NASDAQ_NMTR_2021.pdf,125,69590,332,1391,
data/nasdaq_annual_reports\9f-inc\NASDAQ_JFU_2019.pdf,339,187664,7902,3753,
data/nasdaq_annual_reports\9f-inc\NASDAQ_JFU_2020.pdf,301,155353,326,3107,
data/nasdaq_annual_reports\9f-inc\NASDAQ_JFU_2021.pdf,226,141932,247,2838,
data/nasdaq_annual_reports\BRPInc\NASDAQ_DOO_2018.pdf,16,4338,16,86,
data/nasdaq_annual_reports\BRPInc\NASDAQ_DOO_2019.pdf,24,6028,22,120,
data/nasdaq_annual_reports\BRPInc\NASDAQ_DOO_2020.pdf,36,8298,36,165,
data/nasdaq_annual_reports\BRPInc\NASDAQ_DOO_2021.pdf,32,7810,30,156,
data/nasdaq_annual_reports\BRPInc\TSX_DOO_2017.pdf,20,5228,20,104,
data/nasdaq_annual_reports\DBV\NASDAQ_DBVT_2017.pdf,307,140256,308,2805,
data/nasdaq_annual_reports\DBV\NASDAQ_DBVT_2018.pdf,280,143230,280,2864,
data/nasdaq_annual_reports\DBV\NASDAQ_DBVT_2019.pdf,302,161955,302,3239,
data/nasdaq_annual_reports\DBV\NASDAQ_DBVT_2020.pdf,273,136424,4037,2728,
data/nasdaq_annual_reports\DBV\NASDAQ_DBVT_2021.pdf,158,84759,158,1695,
data/nasdaq_annual_reports\Eldorado-Resorts-Inc\NASDAQ_ERI_2020.pdf,261,119929,267,2398,
data/nasdaq_annual_reports\Green-Plains-Partners-LP\NASDAQ_GPP_2018.pdf,110,61980,1040,1239,
data/nasdaq_annual_reports\Green-Plains-Partners-LP\NASDAQ_GPP_2019.pdf,114,65590,1062,1311,
data/nasdaq_annual_reports\Green-Plains-Partners-LP\NASDAQ_GPP_2020.pdf,104,58068,948,1161,
data/nasdaq_annual_reports\Green-Plains-Partners-LP\NASDAQ_GPP_2021.pdf,91,51046,891,1020,
data/nasdaq_annual_reports\Hurco-companies-Inc\NASDAQ_HURC_2019.pdf,104,90470,2119,1809,
data/nasdaq_annual_reports\Hurco-companies-Inc\NASDAQ_HURC_2020.pdf,124,120641,1329,2412,
data/nasdaq_annual_reports\Hurco-companies-Inc\NASDAQ_HURC_2021.pdf,116,92772,120,1855,
data/nasdaq_annual_reports\Hurco-companies-Inc\NASDAQ_HURC_2022.pdf,112,86108,1323,1722,
data/nasdaq_annual_reports\ICU-medical-Incorporated\NASDAQ_ICUI_2016_be053643da474abb9e048daf1ac9aa5f.pdf,91,46527,562,930,
data/nasdaq_annual_reports\ICU-medical-Incorporated\NASDAQ_ICUI_2017_f648bdecfe524b9ab55f6e702d3f397b.pdf,106,51356,418,1027,
data/nasdaq_annual_reports\ICU-medical-Incorporated\NASDAQ_ICUI_2018.pdf,114,58026,423,1160,
data/nasdaq_annual_reports\ICU-medical-Incorporated\NASDAQ_ICUI_2019.pdf,110,57441,389,1148,
data/nasdaq_annual_reports\ICU-medical-Incorporated\NASDAQ_ICUI_2020.PDF,106,19340,108,386,
data/nasdaq_annual_reports\Independent-bank-corp\NASDAQ_INDB_2015.pdf,8,2044,10,40,
data/nasdaq_annual_reports\Independent-bank-corp\NASDAQ_INDB_2016.pdf,8,1918,8,38,
data/nasdaq_annual_reports\Independent-bank-corp\NASDAQ_INDB_2017.pdf,8,2219,14,44,
data/nasdaq_annual_reports\Independent-bank-corp\NASDAQ_INDB_2018.pdf,12,2946,13,58,
data/nasdaq_annual_reports\Independent-bank-corp\NASDAQ_INDB_2019.pdf,20,3020,22,60,
data/nasdaq_annual_reports\Independent-bank-corporation\NASDAQ_IBCP_2016.pdf,100,87314,105,1746,
data/nasdaq_annual_reports\Independent-bank-corporation\NASDAQ_IBCP_2017_f4884b55347f43f09dc5f6b860f3148e.pdf,103,87357,115,1747,
data/nasdaq_annual_reports\Independent-bank-corporation\NASDAQ_IBCP_2018.pdf,104,90972,104,1819,
data/nasdaq_annual_reports\Independent-bank-corporation\NASDAQ_IBCP_2019.pdf,104,88045,105,1760,
data/nasdaq_annual_reports\Independent-bank-corporation\NASDAQ_IBCP_2020.pdf,141,62607,142,1252,
data/nasdaq_annual_reports\Independent-bank-group-Inc\NASDAQ_IBTX_2015.pdf,144,72815,130,1456,
data/nasdaq_annual_reports\Independent-bank-group-Inc\NASDAQ_IBTX_2016.pdf,142,20641,150,412,
data/nasdaq_annual_reports\Independent-bank-group-Inc\NASDAQ_IBTX_2017.pdf,180,98276,175,1965,
data/nasdaq_annual_reports\Independent-bank-group-Inc\NASDAQ_IBTX_2018.pdf,156,81974,156,1639,
data/nasdaq_annual_reports\Independent-bank-group-Inc\NASDAQ_IBTX_2020.pdf,160,84810,157,1696,
data/nasdaq_annual_reports\Innospec-Inc\NASDAQ_IOSP_2016.pdf,112,38206,132,764,
data/nasdaq_annual_reports\Innospec-Inc\NASDAQ_IOSP_2017.pdf,114,38343,140,766,
data/nasdaq_annual_reports\Innospec-Inc\NASDAQ_IOSP_2018.pdf,115,37379,135,747,
data/nasdaq_annual_reports\Innospec-Inc\NASDAQ_IOSP_2019.pdf,131,43788,132,875,
data/nasdaq_annual_reports\Innospec-Inc\NASDAQ_IOSP_2020.pdf,121,37807,138,756,
data/nasdaq_annual_reports\Inogen-Inc\NASDAQ_INGN_2016.pdf,142,91002,590,1820,
data/nasdaq_annual_reports\Inogen-Inc\NASDAQ_INGN_2017.pdf,138,86878,233,1737,
data/nasdaq_annual_reports\Inogen-Inc\NASDAQ_INGN_2018.pdf,136,81623,234,1632,
data/nasdaq_annual_reports\Inogen-Inc\NASDAQ_INGN_2019.pdf,140,87490,207,1749,
data/nasdaq_annual_reports\Inogen-Inc\NASDAQ_INGN_2020.pdf,146,94418,201,1888,
data/nasdaq_annual_reports\Insmed-Incorporated\NASDAQ_INSM_2016.pdf,237,103138,2468,2062,
data/nasdaq_annual_reports\Insmed-Incorporated\NASDAQ_INSM_2017.pdf,220,111349,1886,2226,
data/nasdaq_annual_reports\Insmed-Incorporated\NASDAQ_INSM_2018.pdf,115,76720,1380,1534,
data/nasdaq_annual_reports\Insmed-Incorporated\NASDAQ_INSM_2019.pdf,64,68883,182,1377,
data/nasdaq_annual_reports\Insmed-Incorporated\NASDAQ_INSM_2020.pdf,64,72194,93,1443,
data/nasdaq_annual_reports\Insulet-corporation\NASDAQ_PODD_2016.pdf,193,85678,194,1713,
data/nasdaq_annual_reports\Insulet-corporation\NASDAQ_PODD_2017.pdf,110,56873,1522,1137,
data/nasdaq_annual_reports\Insulet-corporation\NASDAQ_PODD_2018.pdf,93,54698,1681,1093,
data/nasdaq_annual_reports\Insulet-corporation\NASDAQ_PODD_2019.pdf,84,49864,116,997,
data/nasdaq_annual_reports\Insulet-corporation\NASDAQ_PODD_2020.pdf,88,51000,93,1019,
data/nasdaq_annual_reports\Insys-therapeutics-Inc\NASDAQ_INSY_2015.pdf,149,85598,3506,1711,
data/nasdaq_annual_reports\Insys-therapeutics-Inc\NASDAQ_INSY_2016.pdf,146,81243,2916,1624,
data/nasdaq_annual_reports\Insys-therapeutics-Inc\NASDAQ_INSY_2017.pdf,161,91855,2638,1837,
data/nasdaq_annual_reports\Insys-therapeutics-Inc\NASDAQ_INSY_2018.pdf,159,93622,3002,1872,
data/nasdaq_annual_reports\Intellia-Therapeutics-Inc\NASDAQ_NTLA_2018.pdf,151,89509,1812,1790,
data/nasdaq_annual_reports\Intellia-Therapeutics-Inc\NASDAQ_NTLA_2019.pdf,163,99127,388,1982,
data/nasdaq_annual_reports\Intellia-Therapeutics-Inc\NASDAQ_NTLA_2020.pdf,144,86250,141,1724,
data/nasdaq_annual_reports\Intellia-Therapeutics-Inc\NASDAQ_NTLA_2021.pdf,156,101115,154,2022,
data/nasdaq_annual_reports\Intersect-ENT-Inc\NASDAQ_XENT_2015.pdf,156,73854,157,1477,
data/nasdaq_annual_reports\Intersect-ENT-Inc\NASDAQ_XENT_2017.pdf,172,82676,172,1653,
data/nasdaq_annual_reports\Intersect-ENT-Inc\NASDAQ_XENT_2018.pdf,104,50868,113,1017,
data/nasdaq_annual_reports\Intersect-ENT-Inc\NASDAQ_XENT_2019.pdf,112,54340,112,1086,
data/nasdaq_annual_reports\Intersect-ENT-Inc\NASDAQ_XENT_2020.pdf,108,17259,116,345,
data/nasdaq_annual_reports\Intra-Cellular-therapies-Inc\NASDAQ_ITCI_2016.pdf,141,69403,143,1388,
data/nasdaq_annual_reports\Intra-Cellular-therapies-Inc\NASDAQ_ITCI_2017.pdf,133,72126,2119,1442,
data/nasdaq_annual_reports\Intra-Cellular-therapies-Inc\NASDAQ_ITCI_2018.pdf,134,72494,2169,1449,
data/nasdaq_annual_reports\Intra-Cellular-therapies-Inc\NASDAQ_ITCI_2019.pdf,152,80372,422,1607,
data/nasdaq_annual_reports\Intra-Cellular-therapies-Inc\NASDAQ_ITCI_2020.pdf,130,69813,792,1396,
data/nasdaq_annual_reports\Investors-Bancorp-Inc\NASDAQ_ISBC_2016.pdf,229,111750,289,2234,
data/nasdaq_annual_reports\Investors-Bancorp-Inc\NASDAQ_ISBC_2017.pdf,225,112955,295,2259,
data/nasdaq_annual_reports\Investors-Bancorp-Inc\NASDAQ_ISBC_2018.pdf,232,116785,348,2335,
data/nasdaq_annual_reports\Investors-Bancorp-Inc\NASDAQ_ISBC_2019.pdf,235,99568,244,1991,
data/nasdaq_annual_reports\Investors-Bancorp-Inc\NASDAQ_ISBC_2020.pdf,154,80072,156,1601,
data/nasdaq_annual_reports\Microstrategy\NASDAQ_MSTR_2016.pdf,108,56622,156,1132,
data/nasdaq_annual_reports\Microstrategy\NASDAQ_MSTR_2017.pdf,112,58589,132,1171,
data/nasdaq_annual_reports\Microstrategy\NASDAQ_MSTR_2018.pdf,95,48542,108,970,
data/nasdaq_annual_reports\Microstrategy\NASDAQ_MSTR_2019.pdf,95,46892,106,937,
data/nasdaq_annual_reports\Microstrategy\NASDAQ_MSTR_2020.pdf,103,53754,1122,1075,
data/nasdaq_annual_reports\Monolithic-Power-Systems-Inc\NASDAQ_MPWR_2016.pdf,92,48011,934,960,
data/nasdaq_annual_reports\Monolithic-Power-Systems-Inc\NASDAQ_MPWR_2017_9c9f88a34a1a4e3e91288a498c765e7c.pdf,90,51338,3519,1026,
data/nasdaq_annual_reports\Monolithic-Power-Systems-Inc\NASDAQ_MPWR_2018.pdf,86,49459,3546,989,
data/nasdaq_annual_reports\Monolithic-Power-Systems-Inc\NASDAQ_MPWR_2019.pdf,83,45992,1127,919,
data/nasdaq_annual_reports\Monolithic-Power-Systems-Inc\NASDAQ_MPWR_2020.pdf,87,48226,1215,964,
data/nasdaq_annual_reports\Norwegian-Cruise-Line-Holdings-Ltd\NASDAQ_NCLH_2016.pdf,106,63913,1191,1278,
data/nasdaq_annual_reports\Norwegian-Cruise-Line-Holdings-Ltd\NASDAQ_NCLH_2017.pdf,104,59201,101,1184,
data/nasdaq_annual_reports\Norwegian-Cruise-Line-Holdings-Ltd\NASDAQ_NCLH_2018.pdf,122,61397,121,1227,
data/nasdaq_annual_reports\Norwegian-Cruise-Line-Holdings-Ltd\NASDAQ_NCLH_2019.pdf,129,60956,439,1219,
data/nasdaq_annual_reports\Norwegian-Cruise-Line-Holdings-Ltd\NASDAQ_NCLH_2020.pdf,148,78548,155,1570,
data/nasdaq_annual_reports\Paratek-Pharmaceuticals\NASDAQ_PRTK_2015.pdf,3,1279,41,25,
data/nasdaq_annual_reports\Paratek-Pharmaceuticals\NASDAQ_PRTK_2016.pdf,443,223967,4906,4479,
data/nasdaq_annual_reports\Paratek-Pharmaceuticals\NASDAQ_PRTK_2017.pdf,235,118211,4057,2364,
data/nasdaq_annual_reports\Paratek-Pharmaceuticals\NASDAQ_PRTK_2018.pdf,146,93425,2535,1868,
data/nasdaq_annual_reports\Paratek-Pharmaceuticals\NASDAQ_PRTK_2019.pdf,224,115860,511,2317,
data/nasdaq_annual_reports\T2-biosystems\NASDAQ_TTOO_2016.pdf,399,199167,5211,3983,
data/nasdaq_annual_reports\T2-biosystems\NASDAQ_TTOO_2017.pdf,345,206564,4027,4131,
data/nasdaq_annual_reports\T2-biosystems\NASDAQ_TTOO_2018.pdf,120,86305,119,1726,
data/nasdaq_annual_reports\T2-biosystems\NASDAQ_TTOO_2019.pdf,147,99478,542,1989,
data/nasdaq_annual_reports\T2-biosystems\NASDAQ_TTOO_2020.pdf,155,102378,637,2047,
data/nasdaq_annual_reports\Tile-shop-holdings\NASDAQ_TTS_2018.pdf,91,50963,1354,1019,
data/nasdaq_annual_reports\Tile-shop-holdings\NASDAQ_TTS_2019.pdf,77,40330,86,806,
data/nasdaq_annual_reports\Tile-shop-holdings\NASDAQ_TTS_2020.pdf,120,63169,927,1263,
data/nasdaq_annual_reports\Tile-shop-holdings\NASDAQ_TTS_2021.pdf,80,59593,80,1191,
data/nasdaq_annual_reports\a-mark-precious-metals\NASDAQ_AMRK_2017.pdf,106,59076,2814,1181,
data/nasdaq_annual_reports\a-mark-precious-metals\NASDAQ_AMRK_2018.pdf,103,57923,2982,1158,
data/nasdaq_annual_reports\a-mark-precious-metals\NASDAQ_AMRK_2019.pdf,106,58649,3086,1172,
data/nasdaq_annual_reports\a-mark-precious-metals\NASDAQ_AMRK_2020.pdf,123,61500,552,1229,
data/nasdaq_annual_reports\a-mark-precious-metals\NASDAQ_AMRK_2021.pdf,121,71079,3852,1421,
data/nasdaq_annual_reports\aaon-inc\NASDAQ_AAON_2019.pdf,108,42195,182,843,
data/nasdaq_annual_reports\aaon-inc\NASDAQ_AAON_2020.pdf,104,41539,188,830,
data/nasdaq_annual_reports\aaon-inc\NASDAQ_AAON_2021.pdf,124,51654,198,1033,
data/nasdaq_annual_reports\aaon-inc\NASDAQ_AAON_2022.pdf,116,49043,185,980,
data/nasdaq_annual_reports\abeona-therapeutics-inc\NASDAQ_ABEO_2019.pdf,111,57820,2452,1156,
data/nasdaq_annual_reports\abeona-therapeutics-inc\NASDAQ_ABEO_2020.pdf,110,61301,112,1226,
data/nasdaq_annual_reports\abeona-therapeutics-inc\NASDAQ_ABEO_2021.pdf,164,90025,171,1800,
data/nasdaq_annual_reports\abeona-therapeutics-inc\NASDAQ_ABEO_2022.pdf,112,71501,116,1430,
data/nasdaq_annual_reports\abiomed-inc\NASDAQ_ABMD_2018.pdf,118,63785,119,1275,
data/nasdaq_annual_reports\abiomed-inc\NASDAQ_ABMD_2019.pdf,114,61916,117,1238,
data/nasdaq_annual_reports\abiomed-inc\NASDAQ_ABMD_2020.pdf,134,67561,132,1351,
data/nasdaq_annual_reports\abiomed-inc\NASDAQ_ABMD_2021.pdf,130,64099,194,1281,
data/nasdaq_annual_reports\abraxas-petroleum-corp-1\NASDAQ_AXAS_2016.pdf,117,62954,2541,1259,
data/nasdaq_annual_reports\abraxas-petroleum-corp-1\NASDAQ_AXAS_2017.pdf,160,87131,155,1742,
data/nasdaq_annual_reports\abraxas-petroleum-corp-1\NASDAQ_AXAS_2018.pdf,156,87813,152,1756,
data/nasdaq_annual_reports\abraxas-petroleum-corp-1\NASDAQ_AXAS_2021.pdf,136,78048,133,1560,
data/nasdaq_annual_reports\ac-immune\NASDAQ_ACIU_2018.pdf,307,157533,4681,3150,
data/nasdaq_annual_reports\ac-immune\NASDAQ_ACIU_2019.pdf,208,117589,2433,2351,
data/nasdaq_annual_reports\ac-immune\NASDAQ_ACIU_2020.pdf,246,136101,2648,2722,
data/nasdaq_annual_reports\ac-immune\NASDAQ_ACIU_2021.pdf,82,32606,286,652,
data/nasdaq_annual_reports\ac-immune\NASDAQ_ACIU_2022.pdf,61,44074,61,881,
data/nasdaq_annual_reports\acacia-communications-inc\NASDAQ_ACIA%20_2016.pdf,102,58149,104,1162,
data/nasdaq_annual_reports\acacia-communications-inc\NASDAQ_ACIA%20_2017.pdf,108,62327,169,1246,
data/nasdaq_annual_reports\acacia-communications-inc\NASDAQ_ACIA%20_2018.pdf,,,,,Stream has ended unexpectedly
data/nasdaq_annual_reports\acacia-communications-inc\NASDAQ_ACIA_2019.pdf,118,69716,1647,1394,
data/nasdaq_annual_reports\acacia-research-corporation\NASDAQ_ACTG_2019.pdf,134,78290,3146,1565,
data/nasdaq_annual_reports\acacia-research-corporation\NASDAQ_ACTG_2020.pdf,92,48085,945,961,
data/nasdaq_annual_reports\acacia-research-corporation\NASDAQ_ACTG_2021.pdf,110,58078,110,1161,
data/nasdaq_annual_reports\acacia-research-corporation\NASDAQ_ACTG_2022.pdf,129,72593,129,1451,
data/nasdaq_annual_reports\acadia-healthcare-co\NASDAQ_ACHC_2019.pdf,131,77516,456,1550,
data/nasdaq_annual_reports\acadia-healthcare-co\NASDAQ_ACHC_2020.pdf,116,21146,116,422,
data/nasdaq_annual_reports\acadia-healthcare-co\NASDAQ_ACHC_2021.pdf,114,66337,354,1326,
data/nasdaq_annual_reports\acadia-healthcare-co\NASDAQ_ACHC_2022.pdf,110,63485,382,1269,
data/nasdaq_annual_reports\acadia-pharmaceuticals\NASDAQ_ACAD_2018.pdf,106,63518,116,1270,
data/nasdaq_annual_reports\acadia-pharmaceuticals\NASDAQ_ACAD_2019.pdf,106,64729,105,1294,
data/nasdaq_annual_reports\acadia-pharmaceuticals\NASDAQ_ACAD_2020.pdf,118,72684,142,1453,
data/nasdaq_annual_reports\acadia-pharmaceuticals\NASDAQ_ACAD_2021.pdf,114,71722,114,1434,
data/nasdaq_annual_reports\accelerate-diagnostics-inc\NASDAQ_AXDX_2019.pdf,120,65553,151,1311,
data/nasdaq_annual_reports\accelerate-diagnostics-inc\NASDAQ_AXDX_2020.pdf,105,56216,106,1124,
data/nasdaq_annual_reports\accelerate-diagnostics-inc\NASDAQ_AXDX_2021.pdf,113,64284,112,1285,
data/nasdaq_annual_reports\accelerate-diagnostics-inc\NASDAQ_AXDX_2022.pdf,131,74409,131,1488,
data/nasdaq_annual_reports\acceleron-pharma-inc\NASDAQ_XLRN_2017.pdf,114,7082,114,141,
data/nasdaq_annual_reports\acceleron-pharma-inc\NASDAQ_XLRN_2018.pdf,114,69387,142,1387,
data/nasdaq_annual_reports\acceleron-pharma-inc\NASDAQ_XLRN_2019.pdf,122,13588,128,271,
data/nasdaq_annual_reports\acceleron-pharma-inc\NASDAQ_XLRN_2020.pdf,122,19632,143,392,
data/nasdaq_annual_reports\accuray-incorporated\NASDAQ_ARAY_2019.pdf,132,73390,196,1467,
data/nasdaq_annual_reports\accuray-incorporated\NASDAQ_ARAY_2020.pdf,144,81319,425,1626,
data/nasdaq_annual_reports\accuray-incorporated\NASDAQ_ARAY_2021.pdf,156,91335,413,1826,
data/nasdaq_annual_reports\accuray-incorporated\NASDAQ_ARAY_2022.pdf,261,145154,761,2903,
data/nasdaq_annual_reports\acelrx-pharmaceuticals\NASDAQ_ACRX_2017.pdf,125,84926,3458,1698,
data/nasdaq_annual_reports\acelrx-pharmaceuticals\NASDAQ_ACRX_2018.pdf,144,93299,3936,1865,
data/nasdaq_annual_reports\acelrx-pharmaceuticals\NASDAQ_ACRX_2019.pdf,129,81962,1569,1639,
data/nasdaq_annual_reports\acelrx-pharmaceuticals\NASDAQ_ACRX_2020.pdf,122,79998,1536,1599,
data/nasdaq_annual_reports\acelrx-pharmaceuticals\NASDAQ_ACRX_2021.pdf,134,86638,1611,1732,
data/nasdaq_annual_reports\acer-therapeutics-inc\NASDAQ_ACER_2019.pdf,177,94877,1547,1897,
data/nasdaq_annual_reports\acer-therapeutics-inc\NASDAQ_ACER_2020.pdf,165,90907,1552,1818,
data/nasdaq_annual_reports\acer-therapeutics-inc\NASDAQ_ACER_2021.pdf,163,95726,1662,1914,
data/nasdaq_annual_reports\acer-therapeutics-inc\NASDAQ_ACER_2022.pdf,170,107507,4761,2150,
data/nasdaq_annual_reports\aceto-corp\NASDAQ_ACET_2015.pdf,95,52821,1088,1056,
data/nasdaq_annual_reports\aceto-corp\NASDAQ_ACET_2016.pdf,97,56681,1238,1133,
data/nasdaq_annual_reports\aceto-corp\NASDAQ_ACET_2017.pdf,110,62396,3276,1247,
data/nasdaq_annual_reports\aceto-corp\NASDAQ_ACET_2018.pdf,125,74734,3498,1494,
data/nasdaq_annual_reports\achieve-life-sciences-inc\NASDAQ_ACHV_2017.pdf,177,98445,813,1968,
data/nasdaq_annual_reports\achieve-life-sciences-inc\NASDAQ_ACHV_2018.pdf,145,86022,515,1720,
data/nasdaq_annual_reports\achieve-life-sciences-inc\NASDAQ_ACHV_2019.pdf,111,66254,726,1325,
data/nasdaq_annual_reports\achieve-life-sciences-inc\NASDAQ_ACHV_2020.pdf,102,59389,2560,1187,
data/nasdaq_annual_reports\achieve-life-sciences-inc\NASDAQ_ACHV_2021.pdf,108,66220,2451,1324,
data/nasdaq_annual_reports\achillion-pharmaceuticals-inc\NASDAQ_ACHN_2015.pdf,133,70436,134,1408,
data/nasdaq_annual_reports\achillion-pharmaceuticals-inc\NASDAQ_ACHN_2016.pdf,138,73672,138,1473,
data/nasdaq_annual_reports\achillion-pharmaceuticals-inc\NASDAQ_ACHN_2017.pdf,144,76418,143,1528,
data/nasdaq_annual_reports\achillion-pharmaceuticals-inc\NASDAQ_ACHN_2018.pdf,144,80762,144,1615,
data/nasdaq_annual_reports\aci-worldwide-inc\NASDAQ_ACIW_2019.pdf,100,54300,656,1085,
data/nasdaq_annual_reports\aci-worldwide-inc\NASDAQ_ACIW_2020.pdf,101,58185,112,1163,
data/nasdaq_annual_reports\aci-worldwide-inc\NASDAQ_ACIW_2021.pdf,93,48876,99,977,
data/nasdaq_annual_reports\aci-worldwide-inc\NASDAQ_ACIW_2022.pdf,90,48390,94,967,
data/nasdaq_annual_reports\aclaris-therapeutics-inc\NASDAQ_ACRS_2017.pdf,132,78766,1104,1575,
data/nasdaq_annual_reports\aclaris-therapeutics-inc\NASDAQ_ACRS_2018.pdf,242,132208,1480,2644,
data/nasdaq_annual_reports\aclaris-therapeutics-inc\NASDAQ_ACRS_2019.pdf,156,87518,218,1750,
data/nasdaq_annual_reports\aclaris-therapeutics-inc\NASDAQ_ACRS_2020.pdf,150,88979,176,1779,
data/nasdaq_annual_reports\aclaris-therapeutics-inc\NASDAQ_ACRS_2021.pdf,173,97815,211,1956,
data/nasdaq_annual_reports\acm-research-inc\NASDAQ_ACMR_2017.pdf,117,67695,1523,1353,
data/nasdaq_annual_reports\acm-research-inc\NASDAQ_ACMR_2018.pdf,105,58017,1026,1160,
data/nasdaq_annual_reports\acm-research-inc\NASDAQ_ACMR_2019.pdf,118,62490,196,1249,
data/nasdaq_annual_reports\acm-research-inc\NASDAQ_ACMR_2020.pdf,127,75546,129,1510,
data/nasdaq_annual_reports\acm-research-inc\NASDAQ_ACMR_2021.pdf,160,113693,159,2273,
data/nasdaq_annual_reports\acnb-corporation\NASDAQ_ACNB_2017.PDF,16,5249,17,104,
data/nasdaq_annual_reports\acnb-corporation\NASDAQ_ACNB_2018.PDF,11,5042,11,100,
data/nasdaq_annual_reports\acnb-corporation\NASDAQ_ACNB_2019.pdf,11,5180,11,103,
data/nasdaq_annual_reports\acnb-corporation\NASDAQ_ACNB_2020.pdf,11,5296,11,105,
data/nasdaq_annual_reports\acnb-corporation\NASDAQ_ACNB_2021.pdf,137,64081,137,1281,
data/nasdaq_annual_reports\acorda-therapeutics-inc\NASDAQ_ACOR_2019.pdf,4,2417,10,48,
data/nasdaq_annual_reports\acorda-therapeutics-inc\NASDAQ_ACOR_2020.pdf,3,1273,7,25,
data/nasdaq_annual_reports\acorda-therapeutics-inc\NASDAQ_ACOR_2021.pdf,4,0,1,0,
data/nasdaq_annual_reports\acorda-therapeutics-inc\NASDAQ_ACOR_2022.pdf,257,147190,389,2943,
data/nasdaq_annual_reports\activision-blizzard-inc\NASDAQ_ATVI_2019.pdf,148,104182,238,2083,
data/nasdaq_annual_reports\activision-blizzard-inc\NASDAQ_ATVI_2020.pdf,136,72683,1467,1453,
data/nasdaq_annual_reports\activision-blizzard-inc\NASDAQ_ATVI_2021.pdf,144,85827,154,1716,
data/nasdaq_annual_reports\activision-blizzard-inc\NASDAQ_ATVI_2022.pdf,140,74614,170,1492,
data/nasdaq_annual_reports\acura-pharmaceuticals-inc\NASDAQ_ACUR_2017.pdf,184,102269,3712,2045,
data/nasdaq_annual_reports\acura-pharmaceuticals-inc\NASDAQ_ACUR_2018.pdf,145,85701,3128,1714,
data/nasdaq_annual_reports\acura-pharmaceuticals-inc\NASDAQ_ACUR_2019.pdf,172,97061,1704,1941,
data/nasdaq_annual_reports\acura-pharmaceuticals-inc\NASDAQ_ACUR_2020.pdf,94,57004,986,1140,
data/nasdaq_annual_reports\acxiom-corporation\NASDAQ_ACXM_2014.pdf,104,51428,117,1028,
data/nasdaq_annual_reports\acxiom-corporation\NASDAQ_ACXM_2015.pdf,108,53466,1127,1069,
data/nasdaq_annual_reports\acxiom-corporation\NASDAQ_ACXM_2016.pdf,104,53826,276,1076,
data/nasdaq_annual_reports\acxiom-corporation\NASDAQ_ACXM_2017.pdf,116,56340,244,1126,
data/nasdaq_annual_reports\acxiom-corporation\NASDAQ_ACXM_2018.pdf,116,53426,691,1068,
data/nasdaq_annual_reports\adamas-pharmaceuticals-inc\NASDAQ_ADMS_2015.pdf,112,70300,528,1405,
data/nasdaq_annual_reports\adamas-pharmaceuticals-inc\NASDAQ_ADMS_2016.pdf,112,73137,142,1462,
data/nasdaq_annual_reports\adamas-pharmaceuticals-inc\NASDAQ_ADMS_2017.PDF,124,78861,128,1577,
data/nasdaq_annual_reports\adamas-pharmaceuticals-inc\NASDAQ_ADMS_2018.pdf,116,75334,142,1506,
data/nasdaq_annual_reports\adamas-pharmaceuticals-inc\NASDAQ_ADMS_2019.pdf,108,71331,109,1426,
data/nasdaq_annual_reports\adamis-pharmaceuticals-corp\NASDAQ_ADMP_2019.pdf,127,76678,1073,1533,
data/nasdaq_annual_reports\adamis-pharmaceuticals-corp\NASDAQ_ADMP_2020.pdf,190,98034,1047,1960,
data/nasdaq_annual_reports\adamis-pharmaceuticals-corp\NASDAQ_ADMP_2021.pdf,130,78774,886,1575,
data/nasdaq_annual_reports\adamis-pharmaceuticals-corp\NASDAQ_ADMP_2022.pdf,101,69838,995,1396,
data/nasdaq_annual_reports\adapthealth-corp\NASDAQ_AHCO_2018.pdf,74,58187,1548,1163,
data/nasdaq_annual_reports\adapthealth-corp\NASDAQ_AHCO_2019.pdf,178,97740,3085,1954,
data/nasdaq_annual_reports\adapthealth-corp\NASDAQ_AHCO_2020.pdf,140,81280,1113,1625,
data/nasdaq_annual_reports\adapthealth-corp\NASDAQ_AHCO_2021.pdf,157,93286,1285,1865,
data/nasdaq_annual_reports\adaptimmune-therapeutics\NASDAQ_ADAP_2017.pdf,93,39180,714,783,
data/nasdaq_annual_reports\adaptimmune-therapeutics\NASDAQ_ADAP_2018.pdf,100,40258,541,805,
data/nasdaq_annual_reports\adaptimmune-therapeutics\NASDAQ_ADAP_2019.pdf,455,192382,2303,3847,
