file,status,n_chunks,n_ticker_missing,elapsed_seconds,error
AMEX_ATRS_2012.parquet,ok,155,155,0.7,
AMEX_ATRS_2013.parquet,error,0,0,0.2,invalid input for query argument $13 in element #166 of executemany() sequence: nan (cannot convert float NaN to integer)
AMEX_ATRS_2014.parquet,ok,173,173,0.3,
NASDAQ_AACG_2018.parquet,ok,291,0,0.4,
NASDAQ_AACG_2019.parquet,ok,371,0,0.6,
AMEX_ATRS_2012.parquet,skipped_already_loaded,155,0,0.1,
AMEX_ATRS_2013.parquet,ok,167,167,0.3,
AMEX_ATRS_2014.parquet,skipped_already_loaded,173,0,0.0,
NASDAQ_AACG_2018.parquet,skipped_already_loaded,291,0,0.0,
NASDAQ_AACG_2019.parquet,skipped_already_loaded,371,0,0.0,
AMEX_ATRS_2012.parquet,skipped_already_loaded,155,0,0.1,
AMEX_ATRS_2013.parquet,skipped_already_loaded,167,0,0.0,
AMEX_ATRS_2014.parquet,skipped_already_loaded,173,0,0.0,
NASDAQ_AACG_2018.parquet,skipped_already_loaded,291,0,0.0,
NASDAQ_AACG_2019.parquet,skipped_already_loaded,371,0,0.0,
NASDAQ_AACG_2020.parquet,ok,425,0,0.6,
NASDAQ_AACG_2021.parquet,ok,432,0,0.6,
NASDAQ_AACG_2022.parquet,ok,449,0,0.6,
NASDAQ_AAIC_2020.parquet,ok,233,0,0.4,
NASDAQ_AAIC_2021.parquet,ok,243,0,0.4,
NASDAQ_AAIC_2022.parquet,ok,230,0,0.4,
NASDAQ_AAL_2019.parquet,ok,282,0,0.4,
NASDAQ_AAL_2020.parquet,ok,377,0,0.6,
NASDAQ_AAL_2021.parquet,ok,396,0,0.6,
NASDAQ_AAL_2022.parquet,ok,336,0,0.7,
NASDAQ_AAME_2018.parquet,ok,100,0,0.2,
NASDAQ_AAME_2019.parquet,ok,103,0,0.2,
NASDAQ_AAME_2020.parquet,ok,101,0,0.2,
NASDAQ_AAME_2021.parquet,ok,102,0,0.2,
NASDAQ_AAOI_2019.parquet,ok,199,0,0.4,
NASDAQ_AAOI_2020.parquet,ok,183,0,0.3,
NASDAQ_AAOI_2021.parquet,ok,170,0,0.3,
NASDAQ_AAOI_2022.parquet,ok,167,0,0.3,
NASDAQ_AAON_2019.parquet,ok,120,0,0.2,
NASDAQ_AAON_2020.parquet,ok,107,0,0.2,
NASDAQ_AAON_2021.parquet,ok,136,0,0.2,
NASDAQ_AAON_2022.parquet,ok,144,0,0.2,
NASDAQ_AAPL_2019.parquet,ok,169,0,0.3,
NASDAQ_AAPL_2020.parquet,ok,177,0,0.3,
NASDAQ_AAPL_2021.parquet,ok,138,0,0.2,
NASDAQ_AAPL_2022.parquet,ok,134,0,0.2,
NASDAQ_AAWW_2018.parquet,ok,158,0,0.3,
NASDAQ_AAWW_2019.parquet,ok,162,0,0.5,
NASDAQ_AAWW_2020.parquet,ok,165,0,0.4,
NASDAQ_AAWW_2021.parquet,ok,144,0,0.4,
NASDAQ_ABCB_2019.parquet,ok,276,0,0.6,
NASDAQ_ABCB_2020.parquet,ok,254,0,0.6,
NASDAQ_ABCB_2021.parquet,ok,50,0,0.3,
NASDAQ_ABCB_2022.parquet,ok,215,0,0.4,
NASDAQ_ABEO_2019.parquet,ok,180,0,0.3,
NASDAQ_ABEO_2020.parquet,ok,199,0,0.4,
NASDAQ_ABEO_2021.parquet,ok,293,0,0.5,
NASDAQ_ABEO_2022.parquet,ok,231,0,0.4,
NASDAQ_ABIO_2019.parquet,ok,189,0,0.3,
NASDAQ_ABIO_2020.parquet,ok,199,0,0.4,
NASDAQ_ABIO_2021.parquet,ok,199,0,0.4,
NASDAQ_ABIO_2022.parquet,ok,186,0,0.3,
NASDAQ_ABMD_2018.parquet,ok,149,0,0.3,
NASDAQ_ABMD_2019.parquet,ok,147,0,0.3,
NASDAQ_ABMD_2020.parquet,ok,159,0,0.8,
NASDAQ_ABMD_2021.parquet,ok,180,0,0.4,
NASDAQ_ABTX_2018.parquet,ok,211,0,0.4,
NASDAQ_ABTX_2019.parquet,ok,225,0,0.5,
NASDAQ_ABTX_2020.parquet,ok,255,0,0.7,
NASDAQ_ABUS_2017.parquet,ok,301,0,0.9,
NASDAQ_ABUS_2018.parquet,ok,227,0,0.4,
NASDAQ_ABUS_2019.parquet,ok,183,0,0.3,
NASDAQ_ABUS_2020.parquet,ok,175,0,0.5,
NASDAQ_ABUS_2021.parquet,ok,310,0,0.7,
NASDAQ_ACAD_2018.parquet,ok,173,0,0.4,
NASDAQ_ACAD_2019.parquet,ok,198,0,0.3,
NASDAQ_ACAD_2020.parquet,ok,224,0,0.4,
NASDAQ_ACAD_2021.parquet,ok,198,0,0.3,
NASDAQ_ACBI_2016.parquet,ok,189,0,0.4,
NASDAQ_ACBI_2017.parquet,ok,195,0,0.3,
NASDAQ_ACBI_2018.parquet,ok,206,0,0.4,
NASDAQ_ACBI_2019.parquet,ok,206,0,0.4,
NASDAQ_ACER_2019.parquet,ok,296,0,0.5,
NASDAQ_ACER_2020.parquet,ok,284,0,0.5,
NASDAQ_ACER_2021.parquet,ok,299,0,0.5,
NASDAQ_ACER_2022.parquet,ok,335,0,0.6,
NASDAQ_ACET_2015.parquet,ok,164,0,0.3,
NASDAQ_ACET_2016.parquet,ok,171,0,0.3,
NASDAQ_ACET_2017.parquet,ok,194,0,0.3,
NASDAQ_ACET_2018.parquet,ok,233,0,0.4,
NASDAQ_ACGL_2017.parquet,ok,386,0,0.7,
NASDAQ_ACGL_2018.parquet,ok,377,0,0.7,
NASDAQ_ACGL_2019.parquet,ok,95,0,0.3,
NASDAQ_ACGL_2020.parquet,ok,349,0,0.6,
NASDAQ_ACGL_2021.parquet,ok,364,0,0.7,
NASDAQ_ACHC_2019.parquet,ok,226,0,0.4,
NASDAQ_ACHC_2020.parquet,ok,33,0,0.1,
NASDAQ_ACHC_2021.parquet,ok,189,0,0.5,
NASDAQ_ACHC_2022.parquet,ok,180,0,0.4,
NASDAQ_ACHN_2015.parquet,ok,186,0,0.3,
NASDAQ_ACHN_2016.parquet,ok,196,0,0.4,
NASDAQ_ACHN_2017.parquet,ok,203,0,0.3,
NASDAQ_ACHN_2018.parquet,ok,211,0,0.5,
NASDAQ_ACHV_2017.parquet,ok,311,0,0.8,
NASDAQ_ACHV_2018.parquet,ok,279,0,0.5,
NASDAQ_ACHV_2019.parquet,ok,208,0,0.5,
NASDAQ_ACHV_2020.parquet,ok,186,0,0.3,
NASDAQ_ACHV_2021.parquet,ok,207,0,0.4,
NASDAQ_ACIA_2019.parquet,ok,214,0,0.4,
NASDAQ_ACIA_20_2016.parquet,ok,175,175,0.3,
NASDAQ_ACIA_20_2017.parquet,ok,189,189,0.4,
NASDAQ_ACIU_2018.parquet,ok,490,0,1.0,
NASDAQ_ACIU_2019.parquet,ok,367,0,0.7,
NASDAQ_ACIU_2020.parquet,ok,430,0,0.7,
NASDAQ_ACIU_2021.parquet,ok,100,0,0.3,
NASDAQ_ACIU_2022.parquet,ok,137,0,0.3,
NASDAQ_ACIW_2019.parquet,ok,160,0,0.3,
NASDAQ_ACIW_2020.parquet,ok,148,0,0.3,
NASDAQ_ACIW_2021.parquet,ok,134,0,0.2,
NASDAQ_ACIW_2022.parquet,ok,133,0,0.3,
NASDAQ_ACLS_2018.parquet,ok,100,0,0.2,
NASDAQ_ACLS_2019.PDF.parquet,ok,98,0,0.2,
NASDAQ_ACLS_2020.parquet,ok,101,0,0.2,
NASDAQ_ACLS_2021.parquet,ok,99,0,0.2,
NASDAQ_ACMR_2017.parquet,ok,210,0,0.4,
NASDAQ_ACMR_2018.parquet,ok,180,0,0.3,
NASDAQ_ACMR_2019.parquet,ok,200,0,0.4,
NASDAQ_ACMR_2020.parquet,ok,243,0,0.4,
NASDAQ_ACMR_2021.parquet,ok,255,0,0.5,
NASDAQ_ACNB_2017.PDF.parquet,ok,16,0,0.1,
NASDAQ_ACNB_2018.PDF.parquet,ok,16,0,0.0,
NASDAQ_ACNB_2019.parquet,ok,16,0,0.0,
NASDAQ_ACNB_2020.parquet,ok,17,0,0.0,
NASDAQ_ACNB_2021.parquet,ok,213,0,0.4,
NASDAQ_ACOR_2019.parquet,ok,8,0,0.0,
NASDAQ_ACOR_2020.parquet,ok,4,0,0.1,
NASDAQ_ACOR_2021.parquet,ok,1,0,0.0,
NASDAQ_ACOR_2022.parquet,ok,461,0,0.8,
NASDAQ_ACRS_2017.parquet,ok,242,0,0.4,
NASDAQ_ACRS_2018.parquet,ok,411,0,0.8,
NASDAQ_ACRS_2019.parquet,ok,283,0,0.5,
NASDAQ_ACRS_2020.parquet,ok,276,0,0.5,
NASDAQ_ACRS_2021.parquet,ok,305,0,0.5,
NASDAQ_ACRX_2017.parquet,ok,262,0,0.5,
NASDAQ_ACRX_2018.parquet,ok,289,0,0.5,
NASDAQ_ACRX_2019.parquet,ok,255,0,0.4,
NASDAQ_ACRX_2020.parquet,ok,249,0,0.4,
NASDAQ_ACRX_2021.parquet,ok,270,0,0.4,
NASDAQ_ACTG_2019.parquet,ok,237,0,0.4,
NASDAQ_ACTG_2020.parquet,ok,149,0,0.3,
NASDAQ_ACTG_2021.parquet,ok,179,0,0.3,
NASDAQ_ACTG_2022.parquet,ok,227,0,0.5,
NASDAQ_ACUR_2017.parquet,ok,318,0,0.6,
NASDAQ_ACUR_2018.parquet,ok,266,0,0.5,
NASDAQ_ACUR_2019.parquet,ok,303,0,0.5,
NASDAQ_ACUR_2020.parquet,ok,177,0,0.3,
NASDAQ_ACXM_2014.parquet,ok,149,0,0.3,
NASDAQ_ACXM_2015.parquet,ok,159,0,0.3,
NASDAQ_ACXM_2017.parquet,ok,164,0,0.3,
NASDAQ_ACXM_2018.parquet,ok,159,0,0.3,
NASDAQ_ADAP_2017.parquet,ok,116,0,0.3,
NASDAQ_ADAP_2018.parquet,ok,119,0,0.4,
NASDAQ_ADAP_2019.parquet,ok,590,0,1.5,
NASDAQ_ADAP_2020.parquet,ok,253,0,0.5,
NASDAQ_ADAP_2021.parquet,ok,267,0,0.5,
NASDAQ_ADBE_2019.parquet,ok,195,0,0.6,
NASDAQ_ADBE_2020.parquet,ok,203,0,0.5,
NASDAQ_ADBE_2021.parquet,ok,171,0,0.3,
NASDAQ_ADBE_2022.parquet,ok,167,0,0.3,
NASDAQ_ADES_2017.parquet,ok,221,0,0.5,
NASDAQ_ADES_2018.parquet,ok,190,0,0.4,
NASDAQ_ADES_2019.parquet,ok,180,0,0.4,
NASDAQ_ADES_2020.parquet,ok,192,0,0.5,
NASDAQ_ADES_2021.parquet,ok,180,0,0.4,
NASDAQ_ADI_2018.parquet,ok,24,0,0.2,
NASDAQ_ADI_2019.parquet,ok,162,0,0.4,
NASDAQ_ADI_2020.parquet,ok,160,0,0.5,
NASDAQ_ADI_2021.parquet,ok,159,0,0.3,
NASDAQ_ADIL_2018.parquet,ok,277,0,0.6,
NASDAQ_ADIL_2019.parquet,ok,290,0,0.6,
NASDAQ_ADIL_2020.parquet,ok,292,0,0.6,
NASDAQ_ADIL_2021.parquet,ok,349,0,0.7,
NASDAQ_ADMA_2017.parquet,ok,197,0,0.4,
NASDAQ_ADMA_2018.parquet,ok,212,0,0.5,
NASDAQ_ADMA_2019.parquet,ok,189,0,0.4,
NASDAQ_ADMA_2020.parquet,ok,18,0,0.2,
NASDAQ_ADMA_2021.parquet,ok,266,0,0.5,
NASDAQ_ADMP_2019.parquet,ok,242,0,0.5,
NASDAQ_ADMP_2020.parquet,ok,311,0,0.6,
NASDAQ_ADMP_2021.parquet,ok,250,0,0.5,
NASDAQ_ADMP_2022.parquet,ok,219,0,0.6,
NASDAQ_ADMS_2015.parquet,ok,188,0,0.4,
NASDAQ_ADMS_2016.parquet,ok,187,0,0.5,
NASDAQ_ADMS_2017.PDF.parquet,ok,207,0,0.5,
NASDAQ_ADMS_2018.parquet,ok,197,0,0.4,
NASDAQ_ADMS_2019.parquet,ok,180,0,0.3,
NASDAQ_ADRO_2016.parquet,ok,262,0,0.5,
NASDAQ_ADRO_2017.parquet,ok,243,0,0.5,
NASDAQ_ADRO_2018.parquet,ok,339,0,0.7,
NASDAQ_ADRO_2019.parquet,ok,272,0,0.5,
NASDAQ_ADSK_2019.parquet,ok,191,0,0.4,
NASDAQ_ADSK_2020.parquet,ok,189,0,0.4,
NASDAQ_ADSK_2021.parquet,ok,187,0,0.3,
NASDAQ_ADSK_2022.parquet,ok,176,0,0.4,
NASDAQ_ADTN_2019.parquet,ok,107,0,0.2,
NASDAQ_ADTN_2020.parquet,ok,193,0,0.4,
NASDAQ_ADTN_2021.parquet,ok,216,0,0.4,
NASDAQ_ADTN_2022.parquet,ok,328,0,0.7,
NASDAQ_ADUS_2019.parquet,ok,339,0,0.7,
NASDAQ_ADUS_2020.parquet,ok,342,0,0.8,
NASDAQ_ADUS_2021.parquet,ok,213,0,0.4,
NASDAQ_ADUS_2022.parquet,ok,182,0,0.4,
NASDAQ_ADVM_2019.parquet,ok,216,0,0.4,
NASDAQ_ADVM_2020.parquet,ok,252,0,0.5,
NASDAQ_ADVM_2021.parquet,ok,226,0,0.4,
NASDAQ_ADVM_2022.parquet,ok,271,0,0.5,
NASDAQ_ADXS_2018.parquet,ok,159,0,0.3,
NASDAQ_ADXS_2019.parquet,ok,178,0,0.3,
NASDAQ_ADXS_2020.parquet,ok,205,0,0.4,
NASDAQ_ADXS_2021.parquet,ok,225,0,0.4,
NASDAQ_AEGN_2016.parquet,ok,229,0,0.8,
NASDAQ_AEGN_2017.parquet,ok,229,0,0.8,
NASDAQ_AEGN_2018.parquet,ok,222,0,0.5,
NASDAQ_AEGN_2019.parquet,ok,225,0,0.7,
NASDAQ_AEHR_2017.parquet,ok,126,0,0.3,
NASDAQ_AEHR_2018.parquet,ok,96,0,0.2,
NASDAQ_AEHR_2019.parquet,ok,124,0,0.3,
NASDAQ_AEHR_2020.parquet,ok,106,0,0.2,
NASDAQ_AEHR_2021.parquet,ok,109,0,0.2,
NASDAQ_AEIS_2017.parquet,ok,137,0,0.3,
NASDAQ_AEIS_2018.parquet,ok,121,0,0.3,
NASDAQ_AEIS_2019.parquet,ok,163,0,0.4,
NASDAQ_AEIS_2020.parquet,ok,142,0,0.4,
NASDAQ_AEIS_2021.parquet,ok,262,0,0.7,
NASDAQ_AEMD_2017.parquet,ok,314,0,0.6,
NASDAQ_AEMD_2018.parquet,ok,197,0,0.4,
NASDAQ_AEMD_2019.parquet,ok,188,0,0.3,
NASDAQ_AEMD_2020.parquet,ok,169,0,0.3,
NASDAQ_AEMD_2021.parquet,ok,172,0,0.3,
NASDAQ_AER_2018.parquet,ok,281,0,0.6,
NASDAQ_AER_2019.parquet,ok,257,0,0.5,
NASDAQ_AER_2020.parquet,ok,241,0,0.5,
NASDAQ_AER_2021.parquet,ok,292,0,0.6,
NASDAQ_AER_2022.parquet,ok,281,0,0.6,
NASDAQ_AERI_2018.PDF.parquet,ok,262,0,0.5,
NASDAQ_AERI_2019.parquet,ok,322,0,0.6,
NASDAQ_AERI_2020.parquet,ok,424,0,0.8,
NASDAQ_AERI_2021.parquet,ok,283,0,0.5,
NASDAQ_AESE_2019.parquet,ok,232,0,0.4,
NASDAQ_AESE_2020.parquet,ok,294,0,0.5,
NASDAQ_AEYE_2016.parquet,ok,196,0,0.4,
NASDAQ_AEYE_2017.parquet,ok,200,0,0.3,
NASDAQ_AEYE_2018.parquet,ok,337,0,0.6,
NASDAQ_AEYE_2019.parquet,ok,215,0,0.4,
NASDAQ_AEYE_2020.parquet,ok,105,0,0.2,
NASDAQ_AFH_2015.parquet,ok,185,0,0.3,
NASDAQ_AFH_2016.parquet,ok,196,0,0.4,
NASDAQ_AFH_2017.parquet,ok,209,0,0.4,
NASDAQ_AFH_2018.parquet,ok,226,0,0.4,
NASDAQ_AFMD_2017.parquet,ok,130,0,0.3,
NASDAQ_AFMD_2018.parquet,ok,128,0,0.3,
NASDAQ_AFMD_2019.parquet,ok,127,0,0.3,
NASDAQ_AFMD_2020.parquet,ok,136,0,0.3,
NASDAQ_AFMD_2021.parquet,ok,140,0,0.3,
NASDAQ_AFYA_2019.parquet,ok,388,0,0.7,
NASDAQ_AFYA_2020.parquet,ok,468,0,0.9,
NASDAQ_AGEN_2019.parquet,ok,335,0,0.6,
NASDAQ_AGEN_2020.parquet,ok,300,0,0.5,
NASDAQ_AGEN_2021.parquet,ok,297,0,0.5,
NASDAQ_AGEN_2022.parquet,ok,281,0,0.5,
NASDAQ_AGFS_2018.parquet,ok,19,0,0.1,
NASDAQ_AGFS_2019.parquet,ok,6,0,0.1,
NASDAQ_AGFS_2020.parquet,ok,8,0,0.0,
NASDAQ_AGII_2016.parquet,ok,28,0,0.1,
NASDAQ_AGII_2017.parquet,ok,31,0,0.1,
NASDAQ_AGII_2020.parquet,ok,380,0,0.7,
NASDAQ_AGIO_2017.PDF.parquet,ok,270,0,0.5,
NASDAQ_AGIO_2018.parquet,ok,245,0,0.4,
NASDAQ_AGIO_2019.parquet,ok,276,0,0.5,
NASDAQ_AGIO_2020.parquet,ok,286,0,0.5,
NASDAQ_AGIO_2021.parquet,ok,251,0,0.4,
NASDAQ_AGLE_2017.parquet,ok,212,0,0.4,
NASDAQ_AGLE_2018.parquet,ok,220,0,0.4,
NASDAQ_AGLE_2019.parquet,ok,210,0,0.4,
NASDAQ_AGLE_2020.parquet,ok,269,0,0.5,
NASDAQ_AGLE_2021.parquet,ok,221,0,0.4,
NASDAQ_AGMH_2017.parquet,ok,186,0,0.3,
NASDAQ_AGMH_2018.parquet,ok,199,0,0.4,
NASDAQ_AGMH_2019.parquet,ok,219,0,0.4,
NASDAQ_AGMH_2020.parquet,ok,186,0,0.3,
NASDAQ_AGNC_2019.parquet,ok,41,0,0.1,
NASDAQ_AGNC_2020.parquet,ok,169,0,0.3,
NASDAQ_AGNC_2021.parquet,ok,159,0,0.3,
NASDAQ_AGNC_2022.parquet,ok,206,0,0.4,
NASDAQ_AGRX_2018.parquet,ok,261,0,0.5,
NASDAQ_AGRX_2019.parquet,ok,219,0,0.4,
NASDAQ_AGRX_2020.parquet,ok,316,0,0.6,
NASDAQ_AGRX_2021.parquet,ok,199,0,0.4,
NASDAQ_AGTC_2018.parquet,ok,562,0,1.0,
NASDAQ_AGTC_2019.parquet,ok,327,0,0.6,
NASDAQ_AGTC_2020.parquet,ok,296,0,0.5,
NASDAQ_AGTC_2021.parquet,ok,401,0,0.7,
NASDAQ_AGYS_2019.parquet,ok,107,0,0.2,
NASDAQ_AGYS_2020.parquet,ok,119,0,0.2,
NASDAQ_AGYS_2021.parquet,ok,110,0,0.2,
NASDAQ_AGYS_2022.parquet,ok,118,0,0.2,
NASDAQ_AHCO_2019.parquet,ok,300,0,0.7,
NASDAQ_AHCO_2020.parquet,ok,246,0,0.5,
NASDAQ_AHCO_2021.parquet,ok,281,0,0.6,
NASDAQ_AHPI_2017.parquet,ok,78,0,0.2,
NASDAQ_AHPI_2018.parquet,ok,78,0,0.2,
NASDAQ_AHPI_2019.parquet,ok,77,0,0.2,
NASDAQ_AHPI_2020.parquet,ok,97,0,0.2,
NASDAQ_AHPI_2021.parquet,ok,86,0,0.2,
NASDAQ_AIMC_2018.parquet,ok,173,0,0.3,
NASDAQ_AIMC_2019.parquet,ok,163,0,0.3,
NASDAQ_AIMC_2020.parquet,ok,140,0,0.3,
NASDAQ_AIMC_2021.parquet,ok,140,0,0.3,
NASDAQ_AIMT_2015.PDF.parquet,ok,168,0,0.3,
NASDAQ_AIMT_2016.parquet,ok,193,0,0.4,
NASDAQ_AIMT_2017.parquet,ok,203,0,0.4,
NASDAQ_AIMT_2018.parquet,ok,240,0,0.5,
NASDAQ_AINV_2019.parquet,ok,260,0,0.5,
NASDAQ_AINV_2020.parquet,ok,345,0,0.7,
NASDAQ_AINV_2021.parquet,ok,306,0,0.6,
NASDAQ_AINV_2022.parquet,ok,257,0,0.5,
NASDAQ_AIRT_2017.parquet,ok,167,0,0.4,
NASDAQ_AIRT_2018.parquet,ok,177,0,0.3,
NASDAQ_AIRT_2019.parquet,ok,143,0,0.3,
NASDAQ_AIRT_2020.parquet,ok,142,0,0.3,
NASDAQ_AIRT_2021.parquet,ok,143,0,0.3,
NASDAQ_AKAM_2019.parquet,ok,15,0,0.1,
NASDAQ_AKAM_2020.parquet,ok,157,0,0.3,
NASDAQ_AKAM_2021.parquet,ok,129,0,0.2,
NASDAQ_AKAM_2022.parquet,ok,161,0,0.3,
NASDAQ_AKBA_2019.parquet,ok,417,0,0.8,
NASDAQ_AKBA_2020.parquet,ok,490,0,1.0,
NASDAQ_AKBA_2021.parquet,ok,750,0,1.4,
NASDAQ_AKBA_2022.parquet,ok,544,0,1.0,
NASDAQ_AKCA_2017.parquet,ok,273,0,0.5,
NASDAQ_AKCA_2018.parquet,ok,358,0,0.7,
NASDAQ_AKER_2016.parquet,ok,166,0,0.3,
NASDAQ_AKER_2017.parquet,ok,181,0,0.4,
NASDAQ_AKER_2018.parquet,ok,149,0,0.3,
NASDAQ_AKER_2019.parquet,ok,193,0,0.4,
NASDAQ_AKRO_2019.parquet,ok,428,0,0.7,
NASDAQ_AKRO_2020.parquet,ok,262,0,0.5,
NASDAQ_AKRO_2021.parquet,ok,287,0,0.5,
NASDAQ_AKRX_2015.parquet,ok,470,0,1.0,
NASDAQ_AKRX_2016.parquet,ok,165,0,0.3,
NASDAQ_AKRX_2017.parquet,ok,218,0,0.4,
NASDAQ_AKRX_2018.parquet,ok,167,0,0.3,
NASDAQ_AKTS_2017.parquet,ok,152,0,0.3,
NASDAQ_AKTS_2018.parquet,ok,142,0,0.3,
NASDAQ_AKTS_2019.parquet,ok,238,0,0.4,
NASDAQ_AKTS_2020.parquet,ok,151,0,0.3,
NASDAQ_AKTS_2021.parquet,ok,140,0,0.3,
NASDAQ_AKTX_2017.parquet,ok,1,0,0.0,
NASDAQ_AKTX_2018.parquet,ok,54,0,0.1,
NASDAQ_AKTX_2019.parquet,ok,59,0,0.1,
NASDAQ_AKTX_2020.parquet,ok,63,0,0.1,
NASDAQ_AKTX_2021.parquet,ok,62,0,0.1,
NASDAQ_ALBO_2019.parquet,ok,242,0,0.5,
NASDAQ_ALBO_2020.parquet,ok,241,0,0.4,
NASDAQ_ALCO_2019.parquet,ok,204,0,0.4,
NASDAQ_ALCO_2020.parquet,ok,208,0,0.4,
NASDAQ_ALCO_2021.parquet,ok,272,0,0.5,
NASDAQ_ALCO_2022.parquet,ok,360,0,0.7,
NASDAQ_ALDR_2015.parquet,ok,172,0,0.4,
NASDAQ_ALDR_2016.parquet,ok,218,0,0.4,
NASDAQ_ALDR_2017.parquet,ok,250,0,0.5,
NASDAQ_ALDR_2018.parquet,ok,401,0,0.7,
NASDAQ_ALDX_2017.parquet,ok,183,0,0.3,
NASDAQ_ALDX_2018.parquet,ok,200,0,0.4,
NASDAQ_ALDX_2019.parquet,ok,240,0,0.5,
NASDAQ_ALDX_2020.parquet,ok,219,0,0.4,
NASDAQ_ALDX_2021.parquet,ok,239,0,0.5,
NASDAQ_ALEC_2018.parquet,ok,238,0,0.5,
NASDAQ_ALEC_2019.parquet,ok,262,0,0.5,
NASDAQ_ALEC_2020.parquet,ok,255,0,0.5,
NASDAQ_ALEC_2021.parquet,ok,277,0,0.5,
NASDAQ_ALGN_2019.parquet,ok,310,0,0.6,
NASDAQ_ALGN_2020.parquet,ok,258,0,0.6,
NASDAQ_ALGN_2021.parquet,ok,231,0,0.5,
NASDAQ_ALGN_2022.parquet,ok,478,0,1.0,
NASDAQ_ALGT_2019.parquet,ok,124,0,0.3,
NASDAQ_ALGT_2020.parquet,ok,135,0,0.3,
NASDAQ_ALGT_2021.parquet,ok,118,0,0.2,
NASDAQ_ALGT_2022.parquet,ok,242,0,0.5,
NASDAQ_ALIM_2019.parquet,ok,312,0,0.6,
NASDAQ_ALIM_2020.parquet,ok,196,0,0.4,
NASDAQ_ALIM_2021.parquet,ok,199,0,0.4,
NASDAQ_ALIM_2022.parquet,ok,222,0,0.4,
NASDAQ_ALJJ_2022.parquet,ok,114,0,0.2,
NASDAQ_ALKS_2018.parquet,ok,259,0,0.5,
NASDAQ_ALKS_2019.parquet,ok,276,0,0.6,
NASDAQ_ALKS_2020.parquet,ok,278,0,0.6,
NASDAQ_ALKS_2021.parquet,ok,301,0,0.6,
NASDAQ_ALLK_2018.parquet,ok,218,0,0.5,
NASDAQ_ALLK_2019.parquet,ok,330,0,0.7,
NASDAQ_ALLK_2020.parquet,ok,273,0,0.5,
NASDAQ_ALLK_2021.parquet,ok,253,0,0.5,
NASDAQ_ALLO_2018.parquet,ok,545,0,1.0,
NASDAQ_ALLO_2019.parquet,ok,380,0,0.8,
NASDAQ_ALLO_2020.parquet,ok,459,0,0.9,
NASDAQ_ALLO_2021.parquet,ok,292,0,0.6,
NASDAQ_ALLT_2017.parquet,ok,236,0,0.5,
NASDAQ_ALLT_2018.parquet,ok,231,0,0.4,
NASDAQ_ALLT_2019.parquet,ok,243,0,0.5,
NASDAQ_ALLT_2020.parquet,ok,252,0,0.5,
NASDAQ_ALLT_2021.parquet,ok,244,0,0.5,
NASDAQ_ALNA_2017.parquet,ok,359,0,0.7,
NASDAQ_ALNA_2018.parquet,ok,282,0,0.5,
NASDAQ_ALNA_2019.parquet,ok,301,0,0.6,
NASDAQ_ALNA_2020.parquet,ok,327,0,0.6,
NASDAQ_ALOT_2019.parquet,ok,113,0,0.3,
NASDAQ_ALOT_2020.parquet,ok,112,0,0.2,
NASDAQ_ALOT_2021.parquet,ok,123,0,0.3,
NASDAQ_ALOT_2022.parquet,ok,112,0,0.2,
NASDAQ_ALPN_2017.parquet,ok,407,0,0.8,
NASDAQ_ALPN_2018.parquet,ok,247,0,0.5,
NASDAQ_ALPN_2019.parquet,ok,249,0,0.5,
NASDAQ_ALPN_2020.parquet,ok,308,0,0.6,
NASDAQ_ALPN_2021.parquet,ok,414,0,0.9,
NASDAQ_ALRM_2017.parquet,ok,233,0,0.5,
NASDAQ_ALRM_2018.parquet,ok,243,0,0.5,
NASDAQ_ALRM_2019.parquet,ok,267,0,0.5,
NASDAQ_ALRM_2020.parquet,ok,225,0,0.4,
NASDAQ_ALRM_2021.parquet,ok,290,0,0.6,
NASDAQ_ALRN_2018.parquet,ok,385,0,0.7,
NASDAQ_ALRN_2019.parquet,ok,309,0,0.6,
NASDAQ_ALRN_2020.parquet,ok,232,0,0.4,
NASDAQ_ALRN_2021.parquet,ok,228,0,0.4,
NASDAQ_ALRS_2017.parquet,ok,62,0,0.2,
NASDAQ_ALRS_2018.parquet,ok,19,0,0.1,
NASDAQ_ALRS_2019.parquet,ok,254,0,0.5,
NASDAQ_ALRS_2020.parquet,ok,270,0,0.5,
NASDAQ_ALRS_2021.parquet,ok,255,0,0.6,
NASDAQ_ALSK_2017.parquet,ok,200,0,0.4,
NASDAQ_ALSK_2018.parquet,ok,173,0,0.3,
NASDAQ_ALSK_2019.parquet,ok,156,0,0.3,
NASDAQ_ALSK_2020.parquet,ok,189,0,0.4,
NASDAQ_ALT_2017.parquet,ok,276,0,0.6,
NASDAQ_ALT_2018.parquet,ok,285,0,0.6,
NASDAQ_ALT_2019.parquet,ok,302,0,0.6,
NASDAQ_ALT_2020.parquet,ok,335,0,0.7,
NASDAQ_ALT_2021.parquet,ok,314,0,0.6,
NASDAQ_ALTM_2018.parquet,ok,612,0,1.3,
NASDAQ_ALTM_2019.parquet,ok,229,0,0.5,
NASDAQ_ALTR_2017.parquet,ok,198,0,0.4,
NASDAQ_ALTR_2018.parquet,ok,223,0,0.4,
NASDAQ_ALTR_2019.parquet,ok,232,0,0.4,
NASDAQ_ALTR_2020.parquet,ok,208,0,0.4,
NASDAQ_ALTR_2021.parquet,ok,201,0,0.4,
NASDAQ_ALXN_2015.parquet,ok,260,0,0.6,
NASDAQ_ALXN_2016.parquet,ok,312,0,0.7,
NASDAQ_ALXN_2017.parquet,ok,34,0,0.2,
NASDAQ_ALXN_2018.PDF.parquet,ok,298,0,0.6,
NASDAQ_ALXN_2019.parquet,ok,383,0,0.9,
NASDAQ_ALYA_2019.parquet,ok,15,0,0.1,
NASDAQ_ALYA_2020.parquet,ok,16,0,0.0,
NASDAQ_ALYA_2021.parquet,ok,16,0,0.1,
NASDAQ_AMAG_2016.parquet,ok,435,0,1.0,
NASDAQ_AMAG_2017.parquet,ok,384,0,0.9,
NASDAQ_AMAG_2018.parquet,ok,376,0,0.8,
NASDAQ_AMAG_2019.parquet,ok,524,0,1.0,
NASDAQ_AMAL_2020.parquet,ok,281,0,0.6,
NASDAQ_AMAL_2021.parquet,ok,235,0,0.5,
NASDAQ_AMAL_2022.parquet,ok,229,0,0.4,
NASDAQ_AMAT_2019.parquet,ok,82,0,0.2,
NASDAQ_AMAT_2020.parquet,ok,20,0,0.1,
NASDAQ_AMAT_2021.parquet,ok,146,0,0.3,
NASDAQ_AMAT_2022.parquet,ok,140,0,0.3,
NASDAQ_AMBA_2019.parquet,ok,201,0,0.4,
NASDAQ_AMBA_2020.parquet,ok,195,0,0.4,
NASDAQ_AMBA_2021.parquet,ok,195,0,0.4,
NASDAQ_AMBA_2022.parquet,ok,195,0,0.4,
NASDAQ_AMBC_2019.parquet,ok,359,0,0.9,
NASDAQ_AMBC_2020.parquet,ok,371,0,0.7,
NASDAQ_AMBC_2021.parquet,ok,357,0,0.7,
NASDAQ_AMBC_2022.parquet,ok,97,0,0.3,
NASDAQ_AMCX_2019.parquet,ok,206,0,0.5,
NASDAQ_AMCX_2020.parquet,ok,253,0,0.5,
NASDAQ_AMCX_2021.parquet,ok,232,0,0.5,
NASDAQ_AMCX_2022.parquet,ok,196,0,0.4,
NASDAQ_AMD_2019.parquet,ok,12,0,0.1,
NASDAQ_AMD_2020.parquet,ok,249,0,0.5,
NASDAQ_AMD_2021.parquet,ok,180,0,0.4,
NASDAQ_AMD_2022.parquet,ok,192,0,0.4,
NASDAQ_AMED_2018.parquet,ok,188,0,0.4,
NASDAQ_AMED_2019.parquet,ok,193,0,0.4,
NASDAQ_AMED_2020.parquet,ok,29,0,0.2,
NASDAQ_AMED_2021.parquet,ok,28,0,0.2,
NASDAQ_AMEH_2017.parquet,ok,380,0,0.8,
NASDAQ_AMEH_2018.parquet,ok,239,0,0.5,
NASDAQ_AMEH_2019.parquet,ok,272,0,0.6,
NASDAQ_AMEH_2020.parquet,ok,269,0,0.5,
NASDAQ_AMEH_2021.parquet,ok,254,0,0.5,
NASDAQ_AMGN_2019.parquet,ok,248,0,0.6,
NASDAQ_AMGN_2020.parquet,ok,277,0,0.7,
NASDAQ_AMGN_2021.parquet,ok,276,0,0.6,
NASDAQ_AMGN_2022.parquet,ok,274,0,0.6,
NASDAQ_AMKR_2018.parquet,ok,145,0,0.4,
NASDAQ_AMKR_2019.parquet,ok,147,0,0.3,
NASDAQ_AMKR_2020.parquet,ok,148,0,0.3,
NASDAQ_AMKR_2021.parquet,ok,171,0,0.4,
NASDAQ_AMNB_2019.parquet,ok,14,0,0.1,
NASDAQ_AMNB_2020.parquet,ok,13,0,0.0,
NASDAQ_AMNB_2021.parquet,ok,10,0,0.0,
NASDAQ_AMNB_2022.parquet,ok,11,0,0.0,
NASDAQ_AMPH_2018.parquet,ok,277,0,0.6,
NASDAQ_AMPH_2019.parquet,ok,314,0,0.7,
NASDAQ_AMPH_2020.parquet,ok,296,0,0.6,
NASDAQ_AMPH_2021.parquet,ok,288,0,0.6,
NASDAQ_AMRB_2016.parquet,ok,110,0,0.2,
NASDAQ_AMRB_2017.parquet,ok,115,0,0.2,
NASDAQ_AMRB_2018.parquet,ok,110,0,0.2,
NASDAQ_AMRB_2019.parquet,ok,103,0,0.2,
NASDAQ_AMRH_2016.parquet,ok,130,0,0.3,
NASDAQ_AMRH_2017.parquet,ok,141,0,0.3,
NASDAQ_AMRH_2018.parquet,ok,138,0,0.3,
NASDAQ_AMRK_2017.parquet,ok,180,0,0.4,
NASDAQ_AMRK_2018.parquet,ok,175,0,0.4,
NASDAQ_AMRK_2019.parquet,ok,177,0,0.4,
NASDAQ_AMRK_2020.parquet,ok,189,0,0.4,
NASDAQ_AMRK_2021.parquet,ok,215,0,0.5,
NASDAQ_AMRN_2017.parquet,ok,516,0,1.2,
NASDAQ_AMRN_2018.parquet,ok,439,0,0.9,
NASDAQ_AMRN_2019.parquet,ok,364,0,0.8,
NASDAQ_AMRN_2020.parquet,ok,371,0,0.7,
NASDAQ_AMRN_2021.parquet,ok,533,0,1.1,
NASDAQ_AMRS_2016.parquet,ok,315,0,0.8,
NASDAQ_AMRS_2017.parquet,ok,257,0,0.6,
NASDAQ_AMRS_2018.parquet,ok,636,0,1.4,
NASDAQ_AMRS_2019.parquet,ok,354,0,0.8,
NASDAQ_AMRS_2020.parquet,ok,226,0,0.5,
NASDAQ_AMSC_2019.parquet,ok,123,0,0.3,
NASDAQ_AMSC_2020.parquet,ok,132,0,0.3,
NASDAQ_AMSC_2021.parquet,ok,124,0,0.3,
NASDAQ_AMSC_2022.parquet,ok,152,0,0.4,
NASDAQ_AMSF_2019.parquet,ok,141,0,0.4,
NASDAQ_AMSF_2020.parquet,ok,168,0,0.4,
NASDAQ_AMSF_2021.parquet,ok,140,0,0.3,
NASDAQ_AMSF_2022.parquet,ok,372,0,0.7,
NASDAQ_AMSWA_2019.parquet,ok,161,0,0.4,
NASDAQ_AMSWA_2020.parquet,ok,162,0,0.3,
NASDAQ_AMSWA_2021.parquet,ok,153,0,0.3,
NASDAQ_AMSWA_2022.parquet,ok,144,0,0.3,
NASDAQ_AMTBB_2019.parquet,ok,334,0,0.7,
NASDAQ_AMTBB_2020.parquet,ok,333,0,0.7,
NASDAQ_AMTBB_2021.parquet,ok,36,0,0.2,
NASDAQ_AMTX_2017.parquet,ok,166,0,0.4,
NASDAQ_AMTX_2018.parquet,ok,176,0,0.4,
NASDAQ_AMTX_2019.parquet,ok,175,0,0.4,
NASDAQ_AMTX_2020.parquet,ok,213,0,0.5,
NASDAQ_AMTX_2021.parquet,ok,209,0,0.4,
NASDAQ_AMWD_2019.parquet,ok,118,0,0.3,
NASDAQ_AMWD_2020.parquet,ok,122,0,0.3,
NASDAQ_AMWD_2021.parquet,ok,107,0,0.2,
NASDAQ_AMWD_2022.parquet,ok,13,0,0.1,
NASDAQ_AMZN_2017.PDF.parquet,ok,129,0,0.3,
NASDAQ_AMZN_2018.parquet,ok,96,0,0.2,
NASDAQ_AMZN_2019.parquet,ok,22,0,0.1,
NASDAQ_AMZN_2020.parquet,ok,26,0,0.1,
NASDAQ_AMZN_2021.parquet,ok,114,0,0.3,
NASDAQ_ANAB_2016.parquet,ok,257,0,0.6,
NASDAQ_ANAB_2017.parquet,ok,292,0,0.7,
NASDAQ_ANAB_2018.parquet,ok,238,0,0.5,
NASDAQ_ANAB_2019.parquet,ok,237,0,0.5,
NASDAQ_ANAB_2020.parquet,ok,266,0,0.6,
NASDAQ_ANAT_2018.parquet,ok,12,0,0.1,
NASDAQ_ANAT_2019.parquet,ok,8,0,0.0,
NASDAQ_ANAT_2020.parquet,ok,220,0,0.5,
NASDAQ_ANAT_2021.parquet,ok,226,0,0.5,
NASDAQ_ANDE_2018.parquet,ok,6,0,0.1,
NASDAQ_ANDE_2019.parquet,ok,184,0,0.4,
NASDAQ_ANDE_2020.parquet,ok,141,0,0.3,
NASDAQ_ANDE_2021.parquet,ok,139,0,0.3,
NASDAQ_ANGI_2017.parquet,ok,169,0,0.4,
NASDAQ_ANGI_2018.parquet,ok,206,0,0.5,
NASDAQ_ANGI_2019.parquet,ok,195,0,0.4,
NASDAQ_ANGO_2017.parquet,ok,167,0,0.4,
NASDAQ_ANGO_2018.parquet,ok,190,0,0.5,
NASDAQ_ANGO_2019.parquet,ok,185,0,0.4,
NASDAQ_ANGO_2020.parquet,ok,212,0,0.5,
NASDAQ_ANIK_2019.parquet,ok,136,0,0.3,
NASDAQ_ANIK_2020.parquet,ok,157,0,0.4,
NASDAQ_ANIK_2021.parquet,ok,1,0,0.0,
NASDAQ_ANIK_2022.parquet,ok,179,0,0.4,
NASDAQ_ANIP_2019.parquet,ok,329,0,0.8,
NASDAQ_ANIP_2020.parquet,ok,231,0,0.6,
NASDAQ_ANIP_2021.parquet,ok,395,0,1.0,
NASDAQ_ANIP_2022.parquet,ok,224,0,0.5,
NASDAQ_ANIX_2019.parquet,ok,188,0,0.4,
NASDAQ_ANIX_2020.parquet,ok,218,0,0.5,
NASDAQ_ANIX_2021.parquet,ok,127,0,0.3,
NASDAQ_ANIX_2022.parquet,ok,115,0,0.3,
NASDAQ_ANPC_2019.parquet,ok,387,0,0.9,
NASDAQ_ANPC_2020.parquet,ok,454,0,1.0,
NASDAQ_ANPC_2021.parquet,ok,366,0,0.8,
NASDAQ_ANSS_2019.parquet,ok,159,0,0.4,
NASDAQ_ANSS_2020.parquet,ok,164,0,0.4,
NASDAQ_ANSS_2021.parquet,ok,127,0,0.3,
NASDAQ_ANSS_2022.parquet,ok,135,0,0.3,
NASDAQ_AOSL_2017.parquet,ok,183,0,0.4,
NASDAQ_AOSL_2018.parquet,ok,258,0,0.6,
NASDAQ_AOSL_2019.parquet,ok,195,0,0.4,
NASDAQ_AOSL_2020.parquet,ok,221,0,0.5,
NASDAQ_AOSL_2021.parquet,ok,261,0,0.6,
NASDAQ_APDN_2019.parquet,ok,199,0,0.5,
NASDAQ_APDN_2020.parquet,ok,218,0,0.6,
NASDAQ_APDN_2021.parquet,ok,165,0,0.4,
NASDAQ_APDN_2022.parquet,ok,198,0,0.5,
NASDAQ_APEI_2017.parquet,ok,335,0,0.8,
NASDAQ_APEI_2018.parquet,ok,277,0,0.6,
NASDAQ_APEI_2019.parquet,ok,294,0,0.6,
NASDAQ_APEI_2020.parquet,ok,316,0,0.6,
NASDAQ_APEI_2021.parquet,ok,278,0,0.6,
NASDAQ_APEN_2017.parquet,ok,163,0,0.4,
NASDAQ_APEN_2018.parquet,ok,295,0,0.7,
NASDAQ_APEN_2019.parquet,ok,176,0,0.4,
NASDAQ_APEN_2020.parquet,ok,210,0,0.5,
NASDAQ_APEN_2021.parquet,ok,307,0,0.7,
NASDAQ_APLS_2019.parquet,ok,277,0,0.6,
NASDAQ_APLS_2020.parquet,ok,616,0,1.4,
NASDAQ_APLS_2021.parquet,ok,388,0,0.8,
NASDAQ_APLS_2022.parquet,ok,381,0,0.9,
NASDAQ_APLT_2019.parquet,ok,314,0,0.8,
NASDAQ_APLT_2020.parquet,ok,233,0,0.5,
NASDAQ_APLT_2021.parquet,ok,234,0,0.6,
NASDAQ_APLT_2022.parquet,ok,415,0,0.9,
NASDAQ_APM_2018.parquet,ok,317,0,0.7,
NASDAQ_APM_2019.parquet,ok,369,0,0.9,
NASDAQ_APM_2020.parquet,ok,394,0,0.9,
NASDAQ_APM_2021.parquet,ok,424,0,1.0,
NASDAQ_APM_2022.parquet,ok,464,0,1.0,
NASDAQ_APOG_2019.parquet,ok,165,0,0.4,
NASDAQ_APOG_2020.parquet,ok,99,0,0.2,
NASDAQ_APOG_2021.parquet,ok,107,0,0.3,
NASDAQ_APOG_2022.parquet,ok,112,0,0.3,
NASDAQ_APPF_2017.parquet,ok,176,0,0.4,
NASDAQ_APPF_2018.parquet,ok,259,0,0.7,
NASDAQ_APPF_2019.parquet,ok,217,0,0.5,
NASDAQ_APPF_2020.parquet,ok,189,0,0.4,
NASDAQ_APPF_2021.parquet,ok,237,0,0.5,
NASDAQ_APPN_2019.parquet,ok,19,0,0.1,
NASDAQ_APPN_2020.parquet,ok,177,0,0.4,
NASDAQ_APPN_2021.parquet,ok,191,0,0.5,
NASDAQ_APPN_2022.parquet,ok,164,0,0.4,
NASDAQ_APRE_2019.parquet,ok,302,0,0.6,
NASDAQ_APRE_2020.parquet,ok,316,0,0.7,
NASDAQ_APRE_2021.parquet,ok,296,0,0.6,
NASDAQ_APRI_2014.parquet,ok,239,0,0.6,
NASDAQ_APRI_2015.parquet,ok,168,0,0.4,
NASDAQ_APRI_2016.parquet,ok,259,0,0.6,
NASDAQ_APRI_2017.parquet,ok,194,0,0.5,
NASDAQ_APTX_2018.parquet,ok,222,0,0.5,
NASDAQ_APTX_2019.parquet,ok,235,0,0.5,
NASDAQ_APTX_2020.parquet,ok,245,0,0.5,
NASDAQ_APTX_2021.parquet,ok,293,0,0.6,
NASDAQ_APVO_2019.parquet,ok,152,0,0.4,
NASDAQ_APVO_2020.parquet,ok,197,0,0.5,
NASDAQ_APVO_2021.parquet,ok,217,0,0.5,
NASDAQ_APVO_2022.parquet,ok,210,0,0.5,
NASDAQ_APWC_2017.parquet,ok,239,0,0.6,
NASDAQ_APWC_2018.parquet,ok,250,0,0.6,
NASDAQ_APWC_2019.parquet,ok,249,0,0.6,
NASDAQ_APWC_2020.parquet,ok,66,0,0.1,
NASDAQ_APWC_2021.parquet,ok,236,0,0.6,
NASDAQ_APYX_2020.parquet,ok,112,0,0.3,
NASDAQ_AQB_2017.parquet,ok,117,0,0.3,
NASDAQ_AQB_2018.parquet,ok,116,0,0.3,
NASDAQ_AQB_2019.parquet,ok,111,0,0.3,
NASDAQ_AQB_2020.parquet,ok,116,0,0.3,
NASDAQ_AQB_2021.parquet,ok,120,0,0.3,
NASDAQ_AQMS_2017.parquet,ok,127,0,0.3,
NASDAQ_AQMS_2018.parquet,ok,191,0,0.4,
NASDAQ_AQMS_2019.parquet,ok,132,0,0.3,
NASDAQ_AQMS_2020.parquet,ok,121,0,0.3,
NASDAQ_AQMS_2021.parquet,ok,107,0,0.2,
NASDAQ_AQST_2018.parquet,ok,273,0,0.6,
NASDAQ_AQST_2019.parquet,ok,337,0,0.8,
NASDAQ_AQST_2020.parquet,ok,494,0,1.1,
NASDAQ_AQST_2021.parquet,ok,261,0,0.6,
NASDAQ_ARAV_2018.parquet,ok,226,0,0.6,
NASDAQ_ARAV_2019.parquet,ok,332,0,1.2,
NASDAQ_ARAV_2020.parquet,ok,294,0,0.8,
NASDAQ_ARAV_2021.parquet,ok,280,0,0.6,
NASDAQ_ARAY_2019.parquet,ok,220,0,0.5,
NASDAQ_ARAY_2020.parquet,ok,247,0,0.6,
NASDAQ_ARAY_2021.parquet,ok,275,0,0.6,
NASDAQ_ARAY_2022.parquet,ok,448,0,1.0,
NASDAQ_ARCB_2020.parquet,ok,234,0,0.6,
NASDAQ_ARCB_2021.parquet,ok,228,0,0.6,
NASDAQ_ARCB_2022.parquet,ok,222,0,0.5,
NASDAQ_ARCC_2017.parquet,ok,392,0,0.9,
NASDAQ_ARCC_2018.parquet,ok,458,0,0.9,
NASDAQ_ARCC_2019.parquet,ok,437,0,0.9,
NASDAQ_ARCC_2020.parquet,ok,698,0,1.4,
NASDAQ_ARCC_2021.parquet,ok,754,0,1.5,
NASDAQ_ARCE_2018.parquet,ok,292,0,0.7,
NASDAQ_ARCE_2019.parquet,ok,360,0,0.8,
NASDAQ_ARCE_2020.parquet,ok,366,0,0.8,
NASDAQ_ARCE_2021.parquet,ok,368,0,0.8,
NASDAQ_ARCE_2022.parquet,ok,368,0,0.8,
NASDAQ_ARCT_2019.parquet,ok,242,0,0.6,
NASDAQ_ARCT_2020.parquet,ok,226,0,0.5,
NASDAQ_ARCT_2021.parquet,ok,211,0,0.5,
NASDAQ_ARCT_2022.parquet,ok,216,0,0.5,
NASDAQ_ARCW_2015.parquet,ok,132,0,0.3,
NASDAQ_ARCW_2016.parquet,ok,126,0,0.3,
NASDAQ_ARCW_2017.parquet,ok,120,0,0.4,
NASDAQ_ARDS_2018.parquet,ok,253,0,0.6,
NASDAQ_ARDS_2019.parquet,ok,276,0,0.6,
NASDAQ_ARDS_2020.parquet,ok,262,0,0.6,
NASDAQ_ARDX_2019.parquet,ok,249,0,0.6,
NASDAQ_ARDX_2020.parquet,ok,333,0,0.7,
NASDAQ_ARDX_2021.parquet,ok,261,0,0.6,
NASDAQ_ARDX_2022.parquet,ok,265,0,0.6,
NASDAQ_AREC_2017.parquet,ok,93,0,0.2,
NASDAQ_AREC_2018.parquet,ok,152,0,0.4,
NASDAQ_AREC_2019.parquet,ok,163,0,0.4,
NASDAQ_AREC_2020.parquet,ok,181,0,0.4,
NASDAQ_AREC_2021.parquet,ok,152,0,0.3,
NASDAQ_AREX_2015.parquet,ok,144,0,0.4,
NASDAQ_AREX_2016.parquet,ok,149,0,0.4,
NASDAQ_AREX_2017.parquet,ok,159,0,0.4,
NASDAQ_AREX_2018.parquet,ok,199,0,0.4,
NASDAQ_ARGO_2021.parquet,ok,197,0,0.3,
NASDAQ_ARGX_2018.parquet,ok,575,0,1.3,
NASDAQ_ARGX_2019.parquet,ok,430,0,1.0,
NASDAQ_ARGX_2020.parquet,ok,452,0,1.0,
NASDAQ_ARGX_2021.parquet,ok,466,0,1.5,
NASDAQ_ARGX_2022.parquet,ok,450,0,1.0,
NASDAQ_ARKR_2019.parquet,ok,65,0,0.2,
NASDAQ_ARKR_2020.parquet,ok,86,0,0.2,
NASDAQ_ARKR_2021.parquet,ok,74,0,0.2,
NASDAQ_ARKR_2022.parquet,ok,71,0,0.2,
NASDAQ_ARLP_2019.parquet,ok,317,0,0.7,
NASDAQ_ARLP_2020.parquet,ok,324,0,0.7,
NASDAQ_ARLP_2021.parquet,ok,333,0,0.7,
NASDAQ_ARLP_2022.parquet,ok,328,0,0.7,
NASDAQ_ARNA_2017.parquet,ok,240,0,0.6,
NASDAQ_ARNA_2018.parquet,ok,291,0,0.7,
NASDAQ_ARNA_2019.parquet,ok,208,0,0.5,
NASDAQ_ARNA_2020.parquet,ok,376,0,0.9,
NASDAQ_AROW_2018.parquet,ok,5,0,0.1,
NASDAQ_AROW_2019.parquet,ok,5,0,0.1,
NASDAQ_AROW_2020.parquet,ok,5,0,0.1,
NASDAQ_AROW_2021.parquet,ok,10,0,0.0,
NASDAQ_AROW_2022.parquet,ok,10,0,0.0,
NASDAQ_ARPO_2017.parquet,ok,41,0,0.1,
NASDAQ_ARPO_2018.parquet,ok,196,0,0.5,
NASDAQ_ARQT_2019.parquet,ok,328,0,0.7,
NASDAQ_ARQT_2020.parquet,ok,305,0,0.8,
NASDAQ_ARQT_2021.parquet,ok,495,0,1.1,
NASDAQ_ARRS_2015.parquet,ok,313,0,0.7,
NASDAQ_ARRS_2016.parquet,ok,241,0,0.6,
NASDAQ_ARRS_2017.parquet,ok,230,0,0.6,
NASDAQ_ARRS_2018.parquet,ok,243,0,0.6,
NASDAQ_ARTL_2019.parquet,ok,146,0,0.4,
NASDAQ_ARTL_2020.parquet,ok,147,0,0.4,
NASDAQ_ARTL_2021.parquet,ok,150,0,0.4,
NASDAQ_ARTL_2022.parquet,ok,165,0,0.4,
NASDAQ_ARTNA_2019.parquet,ok,141,0,0.4,
NASDAQ_ARTNA_2020.parquet,ok,13,0,0.1,
NASDAQ_ARTNA_2021.parquet,ok,147,0,0.7,
NASDAQ_ARTNA_2022.parquet,ok,164,0,0.4,
NASDAQ_ARTX_2013.parquet,ok,73,0,0.2,
NASDAQ_ARTX_2014.parquet,ok,89,0,0.3,
NASDAQ_ARTX_2015.parquet,ok,25,0,0.1,
NASDAQ_ARTX_2016.parquet,ok,86,0,0.3,
NASDAQ_ARTX_2017.parquet,ok,231,0,0.6,
NASDAQ_ARVN_2019.parquet,ok,251,0,0.6,
NASDAQ_ARVN_2020.parquet,ok,291,0,0.7,
NASDAQ_ARVN_2021.parquet,ok,287,0,0.6,
NASDAQ_ARVN_2022.parquet,ok,279,0,0.6,
NASDAQ_ASFI_2014.parquet,ok,181,0,0.5,
NASDAQ_ASFI_2015.parquet,ok,132,0,0.4,
NASDAQ_ASFI_2016.parquet,ok,151,0,0.4,
NASDAQ_ASFI_2017.parquet,ok,343,0,0.9,
NASDAQ_ASFI_2018.parquet,ok,144,0,0.4,
NASDAQ_ASLN_2018.parquet,ok,471,0,1.1,
NASDAQ_ASLN_2019.parquet,ok,496,0,1.1,
NASDAQ_ASLN_2020.parquet,ok,414,0,0.9,
NASDAQ_ASLN_2021.parquet,ok,410,0,0.9,
NASDAQ_ASLN_2022.parquet,ok,407,0,0.9,
NASDAQ_ASMB_2019.parquet,ok,217,0,0.5,
NASDAQ_ASMB_2020.parquet,ok,183,0,0.5,
NASDAQ_ASMB_2021.parquet,ok,169,0,0.4,
NASDAQ_ASMB_2022.parquet,ok,161,0,0.4,
NASDAQ_ASMI_2018.parquet,ok,248,0,0.8,
NASDAQ_ASMI_2019.parquet,ok,240,0,0.6,
NASDAQ_ASMI_2020.parquet,ok,268,0,0.6,
NASDAQ_ASMI_2021.parquet,ok,306,0,0.7,
NASDAQ_ASMI_2022.parquet,ok,360,0,0.8,
NASDAQ_ASML_2018.parquet,ok,348,0,0.9,
NASDAQ_ASML_2019.parquet,ok,365,0,0.9,
NASDAQ_ASML_2020.parquet,ok,419,0,1.0,
NASDAQ_ASML_2021.parquet,ok,443,0,1.0,
NASDAQ_ASML_2022.parquet,ok,497,0,1.1,
NASDAQ_ASNA_2016.parquet,ok,12,0,0.1,
NASDAQ_ASNA_2017.parquet,ok,171,0,0.5,
NASDAQ_ASNA_2018.parquet,ok,178,0,0.5,
NASDAQ_ASNA_2019.parquet,ok,195,0,0.6,
NASDAQ_ASND_2018.parquet,ok,67,0,0.2,
NASDAQ_ASND_2019.parquet,ok,72,0,0.2,
NASDAQ_ASND_2020.parquet,ok,76,0,0.2,
NASDAQ_ASND_2021.parquet,ok,84,0,0.3,
NASDAQ_ASND_2022.parquet,ok,84,0,0.2,
NASDAQ_ASPS_2019.parquet,ok,190,0,0.5,
NASDAQ_ASPS_2020.parquet,ok,196,0,0.5,
NASDAQ_ASPS_2021.parquet,ok,168,0,0.4,
NASDAQ_ASPS_2022.parquet,ok,456,0,1.0,
NASDAQ_ASPU_2019.parquet,ok,187,0,0.4,
NASDAQ_ASPU_2020.parquet,ok,269,0,0.6,
NASDAQ_ASPU_2021.parquet,ok,230,0,0.5,
NASDAQ_ASPU_2022.parquet,ok,223,0,0.5,
NASDAQ_ASRT_2019.parquet,ok,200,0,0.5,
NASDAQ_ASRT_2020.parquet,ok,249,0,0.6,
NASDAQ_ASRT_2021.parquet,ok,397,0,1.1,
NASDAQ_ASRT_2022.parquet,ok,255,0,0.7,
NASDAQ_ASTE_2017.parquet,ok,120,0,0.3,
NASDAQ_ASTE_2018.parquet,ok,130,0,0.4,
NASDAQ_ASTE_2019.parquet,ok,169,0,0.5,
NASDAQ_ASTE_2020.parquet,ok,146,0,0.4,
NASDAQ_ASTE_2021.parquet,ok,144,0,0.4,
NASDAQ_ASUR_2017.parquet,ok,149,0,0.4,
NASDAQ_ASUR_2018.parquet,ok,145,0,0.4,
NASDAQ_ASUR_2019.parquet,ok,139,0,0.4,
NASDAQ_ASUR_2020.parquet,ok,180,0,0.5,
NASDAQ_ASUR_2021.parquet,ok,248,0,0.6,
NASDAQ_ASYS_2016.parquet,ok,10,0,0.1,
NASDAQ_ASYS_2017.parquet,ok,134,0,0.4,
NASDAQ_ASYS_2018.parquet,ok,130,0,0.3,
NASDAQ_ASYS_2019.parquet,ok,140,0,0.4,
NASDAQ_ASYS_2020.parquet,ok,150,0,0.4,
NASDAQ_ATCX_2019.parquet,ok,106,0,0.3,
NASDAQ_ATCX_2020.parquet,ok,171,0,0.5,
NASDAQ_ATCX_2021.parquet,ok,219,0,0.5,
NASDAQ_ATEC_2017.PDF.parquet,ok,215,0,0.6,
NASDAQ_ATEC_2018.parquet,ok,183,0,0.5,
NASDAQ_ATEC_2019.parquet,ok,18,0,0.1,
NASDAQ_ATEC_2020.parquet,ok,193,0,0.6,
NASDAQ_ATEC_2021.parquet,ok,179,0,0.5,
NASDAQ_ATEX_2020.parquet,ok,184,0,0.5,
NASDAQ_ATEX_2021.parquet,ok,185,0,0.4,
NASDAQ_ATEX_2022.parquet,ok,174,0,0.4,
NASDAQ_ATHE_2019.parquet,ok,109,0,0.4,
NASDAQ_ATHE_2020.parquet,ok,115,0,0.4,
NASDAQ_ATHE_2021.parquet,ok,216,0,1.0,
NASDAQ_ATHE_2022.parquet,ok,204,0,0.5,
NASDAQ_ATHX_2019.parquet,ok,166,0,0.5,
NASDAQ_ATHX_2020.parquet,ok,13,0,0.1,
NASDAQ_ATHX_2021.parquet,ok,13,0,0.1,
NASDAQ_ATHX_2022.parquet,ok,207,0,0.5,
NASDAQ_ATIF_2019.parquet,ok,257,0,0.6,
NASDAQ_ATIF_2020.parquet,ok,271,0,0.7,
NASDAQ_ATIF_2021.parquet,ok,260,0,0.6,
NASDAQ_ATIF_2022.parquet,ok,224,0,0.5,
NASDAQ_ATLC_2017.parquet,ok,137,0,0.4,
NASDAQ_ATLC_2018.parquet,ok,145,0,0.4,
NASDAQ_ATLC_2019.parquet,ok,169,0,0.4,
NASDAQ_ATLC_2020.parquet,ok,15,0,0.1,
NASDAQ_ATLC_2021.parquet,ok,172,0,0.5,
NASDAQ_ATLO_2019.parquet,ok,9,0,0.1,
NASDAQ_ATLO_2020.parquet,ok,11,0,0.0,
NASDAQ_ATLO_2021.parquet,ok,12,0,0.0,
NASDAQ_ATLO_2022.parquet,ok,12,0,0.0,
NASDAQ_ATNX_2017.parquet,ok,383,0,1.0,
NASDAQ_ATNX_2018.PDF.parquet,ok,347,0,0.8,
NASDAQ_ATNX_2019.parquet,ok,401,0,1.0,
NASDAQ_ATNX_2020.parquet,ok,527,0,1.2,
NASDAQ_ATNX_2021.parquet,ok,622,0,1.4,
NASDAQ_ATOM_2019.parquet,ok,71,0,0.2,
NASDAQ_ATOM_2020.parquet,ok,76,0,0.2,
NASDAQ_ATOM_20_2016.parquet,ok,72,72,0.2,
NASDAQ_ATOM_20_2017.parquet,ok,70,70,0.2,
NASDAQ_ATOM_20_2018.parquet,ok,71,71,0.2,
NASDAQ_ATOS_2018.parquet,ok,148,0,0.4,
NASDAQ_ATOS_2019.parquet,ok,143,0,0.4,
NASDAQ_ATOS_2020.parquet,ok,156,0,0.4,
NASDAQ_ATOS_2021.parquet,ok,150,0,0.4,
NASDAQ_ATRA_2019.parquet,ok,331,0,0.8,
NASDAQ_ATRA_2020.parquet,ok,371,0,0.9,
NASDAQ_ATRA_2021.parquet,ok,530,0,1.3,
NASDAQ_ATRA_2022.parquet,ok,378,0,0.9,
NASDAQ_ATRC_2018.parquet,ok,157,0,0.4,
NASDAQ_ATRC_2019.parquet,ok,166,0,0.5,
NASDAQ_ATRC_2020.parquet,ok,167,0,0.5,
NASDAQ_ATRC_2021.parquet,ok,152,0,0.4,
NASDAQ_ATRI_2018.parquet,ok,47,0,0.1,
NASDAQ_ATRI_2019.parquet,ok,46,0,0.1,
NASDAQ_ATRI_2020.parquet,ok,46,0,0.1,
NASDAQ_ATRI_2021.parquet,ok,43,0,0.1,
NASDAQ_ATRO_2019.parquet,ok,126,0,0.4,
NASDAQ_ATRO_2020.parquet,ok,145,0,0.4,
NASDAQ_ATRO_2021.parquet,ok,143,0,0.4,
NASDAQ_ATRO_2022.parquet,ok,13,0,0.1,
NASDAQ_ATRS_2015.parquet,ok,179,0,0.5,
NASDAQ_ATSG_2019.parquet,ok,195,0,0.5,
NASDAQ_ATSG_2020.parquet,ok,187,0,0.5,
NASDAQ_ATSG_2021.parquet,ok,24,0,0.1,
NASDAQ_ATSG_2022.parquet,ok,165,0,0.4,
NASDAQ_ATVI_2020.parquet,ok,240,0,0.6,
NASDAQ_ATVI_2022.parquet,ok,219,0,0.6,
NASDAQ_ATXI_2018.parquet,ok,174,0,0.5,
NASDAQ_ATXI_2019.parquet,ok,168,0,0.4,
NASDAQ_ATXI_2020.parquet,ok,200,0,0.5,
NASDAQ_ATXI_2021.parquet,ok,205,0,0.5,
NASDAQ_AUB_2017.parquet,ok,228,0,0.6,
NASDAQ_AUB_2018.parquet,ok,237,0,0.5,
NASDAQ_AUB_2019.parquet,ok,203,0,0.5,
NASDAQ_AUB_2020.parquet,ok,349,0,0.8,
NASDAQ_AUB_2021.parquet,ok,438,0,1.0,
NASDAQ_AUBN_2018.parquet,ok,112,0,0.6,
NASDAQ_AUBN_2019.parquet,ok,121,0,0.6,
NASDAQ_AUBN_2020.parquet,ok,190,0,0.4,
NASDAQ_AUBN_2021.parquet,ok,190,0,0.5,
NASDAQ_AUDC_2016.parquet,ok,257,0,0.6,
NASDAQ_AUDC_2017.parquet,ok,263,0,0.6,
NASDAQ_AUDC_2018.parquet,ok,260,0,0.6,
NASDAQ_AUDC_2019.parquet,ok,257,0,0.6,
NASDAQ_AUDC_2020.parquet,ok,248,0,0.6,
NASDAQ_AUTL_2018.parquet,ok,416,0,1.0,
NASDAQ_AUTL_2019.parquet,ok,404,0,1.0,
NASDAQ_AUTL_2020.parquet,ok,616,0,1.4,
NASDAQ_AUTL_2021.parquet,ok,608,0,1.4,
NASDAQ_AUTO_2018.parquet,ok,256,0,0.6,
NASDAQ_AUTO_2019.parquet,ok,173,0,0.5,
NASDAQ_AUTO_2020.parquet,ok,260,0,0.6,
NASDAQ_AUTO_2021.parquet,ok,335,0,0.7,
NASDAQ_AVAV_2019.parquet,ok,293,0,0.8,
NASDAQ_AVAV_2020.parquet,ok,243,0,0.6,
NASDAQ_AVAV_2021.parquet,ok,190,0,0.5,
NASDAQ_AVAV_2022.parquet,ok,299,0,0.7,
NASDAQ_AVCO_2018.parquet,ok,214,0,0.6,
NASDAQ_AVCO_2019.parquet,ok,228,0,0.6,
NASDAQ_AVCO_2020.parquet,ok,223,0,0.7,
NASDAQ_AVCO_2021.parquet,ok,276,0,0.7,
NASDAQ_AVCT_2020.parquet,ok,145,0,0.4,
NASDAQ_AVCT_2021.parquet,ok,186,0,0.5,
NASDAQ_AVDL_2018.parquet,ok,215,0,0.6,
NASDAQ_AVDL_2019.parquet,ok,289,0,0.7,
NASDAQ_AVDL_2020.parquet,ok,431,0,1.3,
NASDAQ_AVDL_2021.parquet,ok,287,0,0.7,
NASDAQ_AVEO_2018.parquet,ok,404,0,1.0,
NASDAQ_AVEO_2019.parquet,ok,381,0,0.9,
NASDAQ_AVEO_2020.parquet,ok,488,0,1.1,
NASDAQ_AVEO_2021.parquet,ok,619,0,1.4,
NASDAQ_AVGO_2020.parquet,ok,266,0,0.7,
NASDAQ_AVGR_2016.parquet,ok,190,0,0.5,
NASDAQ_AVGR_2017.parquet,ok,190,0,0.3,
NASDAQ_AVGR_2018.parquet,ok,239,0,0.6,
NASDAQ_AVGR_2019.parquet,ok,260,0,0.7,
NASDAQ_AVGR_2020.parquet,ok,233,0,0.6,
NASDAQ_AVID_2018.parquet,ok,178,0,0.5,
NASDAQ_AVID_2019.parquet,ok,171,0,0.4,
NASDAQ_AVID_2020.parquet,ok,165,0,0.4,
NASDAQ_AVID_2021.parquet,ok,145,0,0.5,
NASDAQ_AVNW_2018.parquet,ok,159,0,0.6,
NASDAQ_AVNW_2019.parquet,ok,153,0,0.4,
NASDAQ_AVNW_2020.parquet,ok,163,0,0.5,
NASDAQ_AVNW_2021.parquet,ok,161,0,0.4,
NASDAQ_AVRO_2018.parquet,ok,353,0,0.8,
NASDAQ_AVRO_2019.parquet,ok,333,0,0.7,
NASDAQ_AVRO_2020.parquet,ok,374,0,0.9,
NASDAQ_AVRO_2021.parquet,ok,310,0,0.8,
NASDAQ_AVXL_2020.parquet,ok,136,0,0.4,
NASDAQ_AWH_2020.parquet,ok,135,0,0.4,
NASDAQ_AWH_2021.parquet,ok,131,0,0.3,
NASDAQ_AWRE_2018.parquet,ok,103,0,0.3,
NASDAQ_AWRE_2019.parquet,ok,106,0,0.3,
NASDAQ_AWRE_2020.parquet,ok,83,0,0.2,
NASDAQ_AWRE_2021.parquet,ok,196,0,0.4,
NASDAQ_AXAS_2016.parquet,ok,193,0,0.5,
NASDAQ_AXAS_2017.parquet,ok,164,0,0.4,
NASDAQ_AXAS_2018.parquet,ok,168,0,0.4,
NASDAQ_AXAS_2021.parquet,ok,162,0,0.4,
NASDAQ_AXDX_2019.parquet,ok,203,0,0.6,
NASDAQ_AXDX_2020.parquet,ok,174,0,0.5,
NASDAQ_AXDX_2021.parquet,ok,200,0,0.6,
NASDAQ_AXDX_2022.parquet,ok,231,0,0.6,
NASDAQ_AXGN_2018.parquet,ok,257,0,0.7,
NASDAQ_AXGN_2019.parquet,ok,261,0,0.6,
NASDAQ_AXGN_2020.parquet,ok,254,0,0.6,
NASDAQ_AXGN_2021.parquet,ok,219,0,0.6,
NASDAQ_AXLA_2019.parquet,ok,291,0,0.8,
NASDAQ_AXLA_2020.parquet,ok,247,0,0.7,
NASDAQ_AXLA_2021.parquet,ok,257,0,0.7,
NASDAQ_AXNX_2018.parquet,ok,267,0,0.7,
NASDAQ_AXNX_2019.parquet,ok,262,0,0.7,
NASDAQ_AXNX_2020.parquet,ok,264,0,0.7,
NASDAQ_AXON_2019.parquet,ok,151,0,0.5,
NASDAQ_AXON_2020.parquet,ok,151,0,0.5,
NASDAQ_AXON_2021.parquet,ok,300,0,0.8,
NASDAQ_AXSM_2016.parquet,ok,261,0,0.6,
NASDAQ_AXSM_2017.parquet,ok,281,0,0.7,
NASDAQ_AXSM_2018.parquet,ok,416,0,0.9,
NASDAQ_AXSM_2019.parquet,ok,360,0,0.8,
NASDAQ_AXSM_2020.parquet,ok,309,0,0.7,
NASDAQ_AXTI_2018.parquet,ok,182,0,0.5,
NASDAQ_AXTI_2019.parquet,ok,208,0,0.6,
NASDAQ_AXTI_2020.parquet,ok,249,0,0.7,
NASDAQ_AXTI_2021.parquet,ok,274,0,0.7,
NASDAQ_AY_2018.parquet,ok,203,0,0.6,
NASDAQ_AY_2019.parquet,ok,254,0,0.7,
NASDAQ_AY_2020.parquet,ok,288,0,0.8,
NASDAQ_AY_2021.parquet,ok,299,0,0.8,
NASDAQ_AY_2022.parquet,ok,416,0,1.0,
NASDAQ_AYTU_2016.parquet,ok,242,0,1.3,
NASDAQ_AYTU_2017.parquet,ok,402,0,1.1,
NASDAQ_AYTU_2018.parquet,ok,355,0,0.9,
NASDAQ_AYTU_2019.parquet,ok,170,0,0.5,
NASDAQ_AYTU_2020.parquet,ok,223,0,0.6,
NASDAQ_AZPN_2019.parquet,ok,140,0,0.4,
NASDAQ_AZPN_2020.parquet,ok,145,0,0.5,
NASDAQ_AZPN_2021_0b7eede0c33e40198376f55b7fa4d960.parquet,ok,135,0,0.4,
NASDAQ_BAND_2018.parquet,ok,187,0,0.5,
NASDAQ_BAND_2019.parquet,ok,202,0,0.5,
NASDAQ_BAND_2020.parquet,ok,218,0,0.6,
NASDAQ_BAND_2021.parquet,ok,113,0,0.3,
NASDAQ_BANR_2018.parquet,ok,306,0,0.7,
NASDAQ_BANR_2019.parquet,ok,37,0,0.2,
NASDAQ_BANR_2020.parquet,ok,297,0,0.7,
NASDAQ_BANR_2021.parquet,ok,300,0,0.7,
NASDAQ_BASI_2017.parquet,ok,103,0,0.3,
NASDAQ_BASI_2018.parquet,ok,109,0,0.3,
NASDAQ_BASI_2019.parquet,ok,119,0,0.4,
NASDAQ_BASI_2020.parquet,ok,118,0,0.3,
NASDAQ_BBBY_2018.parquet,ok,156,0,0.4,
NASDAQ_BBBY_2019.parquet,ok,192,0,0.5,
NASDAQ_BBBY_2020.parquet,ok,226,0,0.6,
NASDAQ_BBBY_2021.parquet,ok,181,0,0.5,
NASDAQ_BBI_2019.parquet,ok,151,0,0.4,
NASDAQ_BBI_2020.parquet,ok,204,0,0.6,
NASDAQ_BBI_2021.parquet,ok,191,0,0.5,
NASDAQ_BBIO_2019.parquet,ok,509,0,1.3,
NASDAQ_BBIO_2020.parquet,ok,705,0,1.7,
NASDAQ_BBOX_2014.parquet,ok,110,0,0.3,
NASDAQ_BBOX_2015.parquet,ok,109,0,0.3,
NASDAQ_BBOX_2016.parquet,ok,116,0,0.3,
NASDAQ_BBOX_2017.parquet,ok,112,0,0.3,
NASDAQ_BBOX_2018.parquet,ok,111,0,0.3,
NASDAQ_BBQ_2019.parquet,ok,108,0,0.3,
NASDAQ_BBQ_2020.parquet,ok,126,0,0.4,
NASDAQ_BBSI_2018.parquet,ok,101,0,0.3,
NASDAQ_BBSI_2019.parquet,ok,107,0,0.3,
NASDAQ_BBSI_2020.parquet,ok,127,0,0.4,
NASDAQ_BBSI_2021.parquet,ok,170,0,0.4,
NASDAQ_BCBP_2018.parquet,ok,193,0,0.5,
NASDAQ_BCBP_2019.parquet,ok,182,0,0.4,
NASDAQ_BCBP_2020.parquet,ok,228,0,0.5,
NASDAQ_BCBP_2021.parquet,ok,271,0,0.6,
NASDAQ_BCEL_2019.parquet,ok,232,0,0.6,
NASDAQ_BCEL_2020.parquet,ok,219,0,0.5,
NASDAQ_BCEL_2021.parquet,ok,242,0,0.7,
NASDAQ_BCLI_2016.parquet,ok,199,0,0.5,
NASDAQ_BCLI_2017.parquet,ok,176,0,0.5,
NASDAQ_BCLI_2018.parquet,ok,188,0,0.5,
NASDAQ_BCLI_2019.parquet,ok,184,0,0.5,
NASDAQ_BCLI_2020.parquet,ok,249,0,0.6,
NASDAQ_BCOM_2019.parquet,ok,524,0,1.3,
NASDAQ_BCOM_2020.parquet,ok,518,0,1.2,
NASDAQ_BCOM_2021.parquet,ok,522,0,1.4,
NASDAQ_BCOR_2018.parquet,ok,462,0,1.4,
NASDAQ_BCOR_2019.parquet,ok,440,0,1.0,
NASDAQ_BCOR_2020.parquet,ok,168,0,0.5,
NASDAQ_BCOR_2021.parquet,ok,164,0,0.5,
NASDAQ_BCOV_2018.parquet,ok,157,0,0.4,
NASDAQ_BCOV_2019.parquet,ok,162,0,0.4,
NASDAQ_BCOV_2020.parquet,ok,154,0,0.4,
NASDAQ_BCOV_2021.parquet,ok,248,0,0.6,
NASDAQ_BCOW_2021.parquet,ok,192,0,0.5,
NASDAQ_BCOW_2022.parquet,ok,182,0,0.4,
NASDAQ_BCPC_2018.parquet,ok,110,0,0.3,
NASDAQ_BCPC_2019.parquet,ok,59,0,0.1,
NASDAQ_BCPC_2020.parquet,ok,113,0,0.3,
NASDAQ_BCPC_2021.parquet,ok,108,0,0.3,
NASDAQ_BCRX_2018.parquet,ok,206,0,0.7,
NASDAQ_BCRX_2019.parquet,ok,389,0,1.0,
NASDAQ_BCRX_2020.parquet,ok,682,0,1.7,
NASDAQ_BCRX_2021.parquet,ok,711,0,1.8,
NASDAQ_BCTF_2017.parquet,ok,142,0,0.4,
NASDAQ_BCTF_2018.parquet,ok,1,0,0.0,
NASDAQ_BCTF_2019.parquet,ok,139,0,0.4,
NASDAQ_BCTF_2020.parquet,ok,47,0,0.1,
NASDAQ_BCTX_2019.parquet,ok,33,0,0.1,
NASDAQ_BCTX_2020.parquet,ok,37,0,0.1,
NASDAQ_BCYC_2019.parquet,ok,609,0,1.4,
NASDAQ_BCYC_2020.parquet,ok,452,0,1.1,
NASDAQ_BCYC_2021.parquet,ok,392,0,0.9,
NASDAQ_BDCO_2018.parquet,ok,160,0,0.5,
NASDAQ_BDCO_2019.parquet,ok,143,0,0.4,
NASDAQ_BDCO_2020.parquet,ok,188,0,0.5,
NASDAQ_BDCO_2021.parquet,ok,172,0,0.4,
NASDAQ_BDGE_2017.parquet,ok,175,0,0.4,
NASDAQ_BDGE_2018.parquet,ok,180,0,0.4,
NASDAQ_BDGE_2019.parquet,ok,169,0,0.4,
NASDAQ_BDSI_2016.parquet,ok,307,0,0.8,
NASDAQ_BDSI_2017.parquet,ok,343,0,0.9,
NASDAQ_BDSI_2018.parquet,ok,268,0,0.7,
NASDAQ_BDSI_2019.parquet,ok,218,0,0.6,
NASDAQ_BDSI_2020.parquet,ok,260,0,0.7,
NASDAQ_BDTX_2019.parquet,ok,345,0,0.9,
NASDAQ_BDTX_2020.parquet,ok,332,0,0.9,
NASDAQ_BEAM_2019.parquet,ok,421,0,1.1,
NASDAQ_BEAM_2020.parquet,ok,525,0,1.3,
NASDAQ_BEAT_2016.parquet,ok,313,0,0.9,
NASDAQ_BEAT_2017.parquet,ok,148,0,0.5,
NASDAQ_BEAT_2018.parquet,ok,157,0,0.5,
NASDAQ_BEAT_2019.PDF.parquet,ok,425,0,2.1,
NASDAQ_BECN_2018.parquet,ok,117,0,0.4,
NASDAQ_BECN_2019.parquet,ok,114,0,0.4,
NASDAQ_BECN_2020.parquet,ok,113,0,0.3,
NASDAQ_BECN_2021.parquet,ok,96,0,0.4,
NASDAQ_BELFB_2018.parquet,ok,131,0,0.4,
NASDAQ_BELFB_2019.parquet,ok,154,0,0.4,
NASDAQ_BELFB_2020.parquet,ok,149,0,0.5,
NASDAQ_BELFB_2021.parquet,ok,156,0,0.4,
NASDAQ_BFC_2016.parquet,ok,79,0,0.3,
NASDAQ_BFC_2017.parquet,ok,87,0,0.2,
NASDAQ_BFC_2018.parquet,ok,196,0,0.5,
NASDAQ_BFC_2019.parquet,ok,203,0,0.5,
NASDAQ_BFC_2020.parquet,ok,233,0,0.6,
NASDAQ_BFIN_2018.parquet,ok,164,0,0.4,
NASDAQ_BFIN_2019.parquet,ok,167,0,0.4,
NASDAQ_BFIN_2020.parquet,ok,167,0,0.4,
NASDAQ_BFIN_2021.parquet,ok,159,0,0.4,
NASDAQ_BFRA_2017.parquet,ok,147,0,0.5,
NASDAQ_BFRA_2018.parquet,ok,155,0,0.4,
NASDAQ_BFRA_2019.parquet,ok,152,0,0.4,
NASDAQ_BFRA_2020.parquet,ok,159,0,0.4,
NASDAQ_BFRA_2021.parquet,ok,172,0,0.4,
NASDAQ_BFST_2016.parquet,ok,210,0,0.5,
NASDAQ_BFST_2017.parquet,ok,287,0,0.7,
NASDAQ_BFST_2018.parquet,ok,294,0,0.7,
NASDAQ_BFST_2019.parquet,ok,217,0,0.6,
NASDAQ_BGCP_2016.parquet,ok,469,0,1.4,
NASDAQ_BGCP_2017.parquet,ok,48,0,0.3,
NASDAQ_BGCP_2018.parquet,ok,41,0,0.3,
NASDAQ_BGCP_2019.parquet,ok,461,0,1.2,
NASDAQ_BGCP_2020.parquet,ok,510,0,1.3,
NASDAQ_BGFV_2018.parquet,ok,106,0,0.3,
NASDAQ_BGFV_2019.parquet,ok,108,0,0.4,
NASDAQ_BGFV_2020.parquet,ok,121,0,0.4,
NASDAQ_BGFV_2021.parquet,ok,122,0,0.4,
NASDAQ_BGNE_2016.parquet,ok,439,0,1.1,
NASDAQ_BGNE_2017.parquet,ok,415,0,1.0,
NASDAQ_BGNE_2018.parquet,ok,349,0,0.9,
NASDAQ_BGNE_2019.parquet,ok,325,0,0.9,
NASDAQ_BGNE_2020.parquet,ok,352,0,0.9,
NASDAQ_BHAT_2019.parquet,ok,394,0,0.9,
NASDAQ_BHAT_2020.parquet,ok,239,0,0.6,
NASDAQ_BHF_2017.parquet,ok,581,0,1.5,
NASDAQ_BHF_2018.parquet,ok,443,0,1.1,
NASDAQ_BHF_2019.parquet,ok,322,0,0.8,
NASDAQ_BHF_2020.parquet,ok,343,0,0.9,
NASDAQ_BHLB_2018.parquet,ok,7,0,0.1,
NASDAQ_BHLB_2019.parquet,ok,8,0,0.0,
NASDAQ_BHLB_2020.parquet,ok,258,0,0.6,
NASDAQ_BHLB_2021.parquet,ok,234,0,0.6,
NASDAQ_BHTG_2017.parquet,ok,156,0,1.2,
NASDAQ_BHTG_2018.parquet,ok,142,0,0.5,
NASDAQ_BHTG_2019.parquet,ok,134,0,0.4,
NASDAQ_BHTG_2020.parquet,ok,135,0,0.4,
NASDAQ_BIDU_2016.parquet,ok,800,0,1.9,
NASDAQ_BIDU_2017.parquet,ok,518,0,1.2,
NASDAQ_BIDU_2018.parquet,ok,1174,0,2.6,
NASDAQ_BIDU_2019.parquet,ok,511,0,1.1,
NASDAQ_BIDU_2020.parquet,ok,688,0,1.6,
NASDAQ_BIIB_2018.parquet,ok,325,0,1.0,
NASDAQ_BIIB_2019.PDF.parquet,ok,300,0,0.9,
NASDAQ_BIIB_2020.parquet,ok,295,0,0.9,
NASDAQ_BIIB_2021.parquet,ok,262,0,0.8,
NASDAQ_BILI_2018.parquet,ok,412,0,1.0,
NASDAQ_BILI_2019.parquet,ok,610,0,1.4,
NASDAQ_BILI_2020.parquet,ok,816,0,2.0,
NASDAQ_BILI_2021.parquet,ok,808,0,1.7,
NASDAQ_BIOC_2016.parquet,ok,230,0,0.6,
NASDAQ_BIOC_2017.parquet,ok,256,0,0.7,
NASDAQ_BIOC_2018.parquet,ok,252,0,0.6,
NASDAQ_BIOC_2019.parquet,ok,256,0,0.6,
NASDAQ_BIOC_2020.parquet,ok,265,0,0.6,
NASDAQ_BIOL_2016.parquet,ok,226,0,0.6,
NASDAQ_BIOL_2017.parquet,ok,336,0,0.8,
NASDAQ_BIOL_2018.parquet,ok,205,0,0.6,
NASDAQ_BIOL_2019.parquet,ok,512,0,1.1,
NASDAQ_BIOL_2020.parquet,ok,212,0,0.6,
NASDAQ_BIVI_2016.parquet,ok,74,0,0.2,
NASDAQ_BIVI_2017.parquet,ok,83,0,0.3,
NASDAQ_BIVI_2018.parquet,ok,99,0,0.3,
NASDAQ_BIVI_2019.parquet,ok,134,0,0.4,
NASDAQ_BIVI_2020.parquet,ok,143,0,0.4,
NASDAQ_BJRI_2020.parquet,ok,25,0,0.1,
NASDAQ_BJRI_2021.parquet,ok,137,0,0.4,
NASDAQ_BJRI_2022.parquet,ok,21,0,0.1,
NASDAQ_BKCC_2016.parquet,ok,245,0,0.7,
NASDAQ_BKCC_2017.parquet,ok,257,0,0.8,
NASDAQ_BKCC_2018.parquet,ok,270,0,1.1,
NASDAQ_BKCC_2019.parquet,ok,308,0,0.8,
NASDAQ_BKCC_2020.parquet,ok,337,0,0.9,
NASDAQ_BKEP_2018.parquet,ok,376,0,1.0,
NASDAQ_BKEP_2019.parquet,ok,259,0,0.7,
NASDAQ_BKEP_2020.parquet,ok,378,0,1.0,
NASDAQ_BKEP_2021.parquet,ok,151,0,0.4,
NASDAQ_BKNG_2017.parquet,ok,246,0,0.7,
NASDAQ_BKNG_2018.parquet,ok,238,0,0.7,
NASDAQ_BKNG_2019.parquet,ok,327,0,0.8,
NASDAQ_BKNG_2020.parquet,ok,276,0,0.7,
NASDAQ_BKYI_2016.parquet,ok,128,0,0.4,
NASDAQ_BKYI_2017.parquet,ok,107,0,0.3,
NASDAQ_BKYI_2018.parquet,ok,113,0,0.3,
NASDAQ_BKYI_2019.parquet,ok,115,0,0.4,
NASDAQ_BKYI_2020.parquet,ok,152,0,0.6,
NASDAQ_BL_2016.parquet,ok,188,0,0.6,
NASDAQ_BL_2017.parquet,ok,202,0,0.6,
NASDAQ_BL_2018.parquet,ok,180,0,0.5,
NASDAQ_BL_2019.parquet,ok,187,0,0.5,
NASDAQ_BL_2020.parquet,ok,191,0,0.5,
NASDAQ_BLBD_2018.parquet,ok,143,0,0.4,
NASDAQ_BLBD_2019.parquet,ok,28,0,0.1,
NASDAQ_BLBD_2020.parquet,ok,18,0,0.1,
NASDAQ_BLBD_2021.parquet,ok,24,0,0.2,
NASDAQ_BLCM_2018.parquet,ok,227,0,0.7,
NASDAQ_BLCM_2019.parquet,ok,441,0,1.2,
NASDAQ_BLCM_2020.parquet,ok,277,0,0.7,
NASDAQ_BLCM_2021.parquet,ok,268,0,0.7,
NASDAQ_BLDP_2017.parquet,ok,37,0,0.2,
NASDAQ_BLDP_2018.parquet,ok,251,0,0.7,
NASDAQ_BLDP_2019.parquet,ok,236,0,0.6,
NASDAQ_BLDP_2020.parquet,ok,272,0,0.7,
NASDAQ_BLDP_2021.parquet,ok,250,0,0.7,
NASDAQ_BLDR_2018_b46c10987b70463ab76d78e3aed34c81.parquet,ok,193,0,0.6,
NASDAQ_BLDR_2019.parquet,ok,153,0,0.5,
NASDAQ_BLDR_2020.parquet,ok,185,0,0.6,
NASDAQ_BLDR_2021.parquet,ok,364,0,0.9,
NASDAQ_BLFS_2016.parquet,ok,201,0,0.6,
NASDAQ_BLFS_2017.parquet,ok,224,0,0.6,
NASDAQ_BLFS_2018.parquet,ok,76,0,0.3,
NASDAQ_BLFS_2019.parquet,ok,179,0,0.5,
NASDAQ_BLFS_2020.parquet,ok,366,0,0.9,
NASDAQ_BLIN_2017.parquet,ok,118,0,0.4,
NASDAQ_BLIN_2019.parquet,ok,12,0,0.0,
NASDAQ_BLIN_2020.parquet,ok,130,0,0.4,
NASDAQ_BLIN_2021.parquet,ok,172,0,0.5,
NASDAQ_BLKB_2018.parquet,ok,168,0,0.5,
NASDAQ_BLKB_2019.parquet,ok,167,0,0.5,
NASDAQ_BLKB_2020.parquet,ok,183,0,0.5,
NASDAQ_BLKB_2021.parquet,ok,191,0,0.5,
NASDAQ_BLMN_2018.parquet,ok,171,0,0.5,
NASDAQ_BLMN_2019.parquet,ok,195,0,0.6,
NASDAQ_BLMN_2020.parquet,ok,220,0,1.1,
NASDAQ_BLMN_2021.parquet,ok,211,0,0.8,
NASDAQ_BLNK_2017.parquet,ok,226,0,0.7,
NASDAQ_BLNK_2018.parquet,ok,180,0,0.5,
NASDAQ_BLNK_2019.parquet,ok,174,0,0.5,
NASDAQ_BLNK_2020.parquet,ok,181,0,0.5,
NASDAQ_BLPH_2016.parquet,ok,248,0,0.7,
NASDAQ_BLPH_2017.parquet,ok,240,0,0.6,
NASDAQ_BLPH_2018.parquet,ok,231,0,0.6,
NASDAQ_BLPH_2019.parquet,ok,265,0,0.6,
NASDAQ_BLPH_2020.parquet,ok,272,0,0.7,
NASDAQ_BLRX_2017.parquet,ok,395,0,1.1,
NASDAQ_BLRX_2018.parquet,ok,349,0,0.9,
NASDAQ_BLRX_2019.parquet,ok,341,0,0.9,
NASDAQ_BLRX_2020.parquet,ok,341,0,0.9,
NASDAQ_BLRX_2021.parquet,ok,388,0,1.0,
NASDAQ_BLUE_2016.parquet,ok,326,0,0.8,
NASDAQ_BLUE_2017.parquet,ok,333,0,0.8,
NASDAQ_BLUE_2018.parquet,ok,436,0,1.1,
NASDAQ_BLUE_2019.parquet,ok,354,0,0.8,
NASDAQ_BLUE_2020.parquet,ok,392,0,1.0,
NASDAQ_BMCH_2014.parquet,ok,146,0,0.4,
NASDAQ_BMCH_2017.parquet,ok,1021,0,1.5,
NASDAQ_BMRA_2018.parquet,ok,80,0,0.6,
NASDAQ_BMRA_2019.parquet,ok,82,0,0.5,
NASDAQ_BMRA_2020.parquet,ok,126,0,0.5,
NASDAQ_BMRA_2021.parquet,ok,124,0,0.4,
NASDAQ_BMRC_2016.parquet,ok,172,0,0.4,
NASDAQ_BMRC_2017.parquet,ok,184,0,0.5,
NASDAQ_BMRC_2018.parquet,ok,176,0,0.5,
NASDAQ_BMRC_2019.parquet,ok,179,0,0.5,
NASDAQ_BMRC_2020.parquet,ok,188,0,0.5,
NASDAQ_BMRN_2018.parquet,ok,481,0,1.2,
NASDAQ_BMRN_2019.parquet,ok,258,0,0.7,
NASDAQ_BMRN_2020.parquet,ok,273,0,0.8,
NASDAQ_BMRN_2021.parquet,ok,248,0,0.7,
NASDAQ_BMTC_2015.parquet,ok,216,0,0.6,
NASDAQ_BMTC_2016.parquet,ok,215,0,0.6,
NASDAQ_BMTC_2017.parquet,ok,314,0,0.8,
NASDAQ_BMTC_2018.parquet,ok,317,0,1.0,
NASDAQ_BNFT_2018.parquet,ok,439,0,1.2,
NASDAQ_BNFT_2019.parquet,ok,189,0,0.6,
NASDAQ_BNFT_2020.parquet,ok,303,0,1.0,
NASDAQ_BNFT_2021.parquet,ok,456,0,1.4,
NASDAQ_BNGO_2019.parquet,ok,268,0,0.9,
NASDAQ_BNGO_2020.parquet,ok,295,0,0.9,
NASDAQ_BNGO_2021.parquet,ok,481,0,1.2,
NASDAQ_BNTC_2018.parquet,ok,70,0,0.3,
NASDAQ_BNTC_2019.parquet,ok,67,0,0.2,
NASDAQ_BNTC_2020.parquet,ok,236,0,0.7,
NASDAQ_BNTC_2021.parquet,ok,229,0,0.6,
NASDAQ_BNTX_2019.parquet,ok,670,0,1.9,
NASDAQ_BNTX_2020.parquet,ok,1064,0,2.7,
NASDAQ_BOCH_2017.parquet,ok,229,0,0.6,
NASDAQ_BOCH_2018.parquet,ok,233,0,0.6,
NASDAQ_BOCH_2019.parquet,ok,217,0,0.6,
NASDAQ_BOCH_2020.parquet,ok,229,0,0.6,
NASDAQ_BOKF_2018.PDF.parquet,ok,248,0,0.7,
NASDAQ_BOKF_2019.parquet,ok,329,0,0.8,
NASDAQ_BOKF_2020.parquet,ok,239,0,0.6,
NASDAQ_BOKF_2021.parquet,ok,248,0,0.6,
NASDAQ_BOMN_2018.parquet,ok,223,0,0.7,
NASDAQ_BOMN_2019_52a5ef48432b4d1c8d163b296100a999.parquet,ok,218,0,0.6,
NASDAQ_BOMN_2020.parquet,ok,266,0,0.8,
NASDAQ_BOMN_2021.parquet,ok,17,0,0.1,
NASDAQ_BOTJ_2019.parquet,ok,36,0,0.1,
NASDAQ_BOTJ_2020.parquet,ok,178,0,0.4,
NASDAQ_BOXL_2017.parquet,ok,220,0,0.6,
NASDAQ_BOXL_2018.parquet,ok,123,0,0.4,
NASDAQ_BOXL_2019.parquet,ok,144,0,0.5,
NASDAQ_BOXL_2020.parquet,ok,194,0,0.6,
NASDAQ_BPMC_2018.parquet,ok,295,0,0.8,
NASDAQ_BPMC_2019.parquet,ok,307,0,0.8,
NASDAQ_BPMC_2020.parquet,ok,310,0,0.8,
NASDAQ_BPTH_2018.parquet,ok,187,0,0.5,
NASDAQ_BPTH_2019.parquet,ok,174,0,0.5,
NASDAQ_BPTH_2020.parquet,ok,188,0,0.5,
NASDAQ_BPTH_2021.parquet,ok,180,0,0.5,
NASDAQ_BRCM_2016.parquet,ok,296,0,0.9,
NASDAQ_BRCM_2017.parquet,ok,678,0,1.6,
NASDAQ_BRCM_2018.parquet,ok,563,0,1.4,
NASDAQ_BRCM_2019.parquet,ok,331,0,0.9,
NASDAQ_BRID_2018.parquet,ok,111,0,0.4,
NASDAQ_BRID_2019.parquet,ok,129,0,1.9,
NASDAQ_BRID_2020.parquet,ok,110,0,0.9,
NASDAQ_BRID_2021.parquet,ok,115,0,0.3,
NASDAQ_BRKL_2018.parquet,ok,286,0,0.7,
NASDAQ_BRKL_2019.parquet,ok,307,0,0.7,
NASDAQ_BRKL_2020.parquet,ok,289,0,0.7,
NASDAQ_BRKL_2021.parquet,ok,251,0,0.6,
NASDAQ_BRKR_2018.parquet,ok,199,0,0.6,
NASDAQ_BRKR_2019.parquet,ok,209,0,0.6,
NASDAQ_BRKR_2020.parquet,ok,200,0,0.7,
NASDAQ_BRKR_2021.parquet,ok,184,0,0.6,
NASDAQ_BRKS_2017.parquet,ok,213,0,0.6,
NASDAQ_BRKS_2018.parquet,ok,182,0,0.5,
NASDAQ_BRKS_2019.parquet,ok,197,0,0.7,
NASDAQ_BRKS_2020.parquet,ok,180,0,0.6,
NASDAQ_BRP_2019.parquet,ok,431,0,1.3,
NASDAQ_BRP_2020.parquet,ok,174,0,0.6,
NASDAQ_BRY_2018.parquet,ok,253,0,1.8,
NASDAQ_BRY_2019.parquet,ok,245,0,0.7,
NASDAQ_BRY_2020.PDF.parquet,ok,250,0,0.7,
NASDAQ_BSBK_2020.parquet,ok,152,0,0.4,
NASDAQ_BSET_2018.parquet,ok,98,0,0.3,
NASDAQ_BSET_2019.parquet,ok,104,0,0.3,
NASDAQ_BSET_2020.parquet,ok,97,0,0.3,
NASDAQ_BSET_2021.parquet,ok,113,0,0.3,
NASDAQ_BSGM_2016.parquet,ok,155,0,0.5,
NASDAQ_BSGM_2017.parquet,ok,167,0,0.5,
NASDAQ_BSGM_2018.parquet,ok,188,0,0.5,
NASDAQ_BSGM_2019.parquet,ok,256,0,0.7,
NASDAQ_BSGM_2020.parquet,ok,190,0,0.6,
NASDAQ_BSQR_2018.parquet,ok,149,0,0.5,
NASDAQ_BSQR_2019.parquet,ok,91,0,0.3,
NASDAQ_BSQR_2020.parquet,ok,203,0,0.5,
NASDAQ_BSTC_2016.parquet,ok,186,0,0.6,
NASDAQ_BSTC_2017.parquet,ok,211,0,0.6,
NASDAQ_BSTC_2018.parquet,ok,217,0,0.6,
NASDAQ_BSTC_2019.parquet,ok,266,0,0.7,
NASDAQ_BSVN_2018.parquet,ok,196,0,0.5,
NASDAQ_BSVN_2019.parquet,ok,156,0,0.4,
NASDAQ_BSVN_2020.parquet,ok,148,0,0.4,
NASDAQ_BTAI_2018.parquet,ok,249,0,0.8,
NASDAQ_BTAI_2019.parquet,ok,226,0,0.7,
NASDAQ_BTAI_2020.parquet,ok,245,0,0.7,
NASDAQ_BVSN_2008.parquet,ok,128,0,0.5,
NASDAQ_BVSN_2016.parquet,ok,82,0,0.3,
NASDAQ_BVSN_2017.parquet,ok,86,0,0.3,
NASDAQ_BVSN_2018.parquet,ok,105,0,0.4,
NASDAQ_BWAY_2017.parquet,ok,61,0,0.2,
NASDAQ_BWAY_2018.parquet,ok,42,0,0.2,
NASDAQ_BWAY_2019.parquet,ok,46,0,0.2,
NASDAQ_BWAY_2020.parquet,ok,469,0,1.3,
NASDAQ_BWAY_2021.parquet,ok,457,0,1.2,
NASDAQ_BWB_2017.parquet,ok,14,0,0.1,
NASDAQ_BWB_2018.parquet,ok,219,0,1.4,
NASDAQ_BWB_2019.parquet,ok,228,0,0.6,
NASDAQ_BWB_2020.parquet,ok,255,0,0.7,
NASDAQ_BWEN_2018.parquet,ok,297,0,0.8,
NASDAQ_BWEN_2019.parquet,ok,129,0,0.4,
NASDAQ_BWEN_2020.parquet,ok,124,0,0.4,
NASDAQ_BWEN_2021.parquet,ok,129,0,0.4,
NASDAQ_BWFG_2018.parquet,ok,217,0,0.6,
NASDAQ_BWFG_2019.parquet,ok,220,0,0.6,
NASDAQ_BWFG_2020.parquet,ok,284,0,0.7,
NASDAQ_BWFG_2021.parquet,ok,208,0,0.6,
NASDAQ_BXRX_2019.parquet,ok,334,0,1.0,
NASDAQ_BXRX_2020.parquet,ok,258,0,0.8,
NASDAQ_BXRX_2021.parquet,ok,254,0,0.7,
NASDAQ_BYND_2019.parquet,ok,201,0,0.7,
NASDAQ_BYND_2020.parquet,ok,23,0,0.2,
NASDAQ_BYSI_2017.parquet,ok,336,0,1.0,
NASDAQ_BYSI_2018.parquet,ok,342,0,0.9,
NASDAQ_BYSI_2019.parquet,ok,403,0,1.0,
NASDAQ_BYSI_2020.parquet,ok,397,0,1.0,
NASDAQ_BYSI_2021.parquet,ok,395,0,1.1,
NASDAQ_BZUN_2017.parquet,ok,338,0,0.9,
NASDAQ_BZUN_2018.parquet,ok,335,0,0.9,
NASDAQ_BZUN_2019.parquet,ok,645,0,1.5,
NASDAQ_BZUN_2020.parquet,ok,466,0,1.1,
NASDAQ_BZUN_2021.parquet,ok,510,0,1.2,
NASDAQ_CABA_2019.parquet,ok,316,0,0.8,
NASDAQ_CABA_2020.parquet,ok,320,0,0.8,
NASDAQ_CAC_2018.parquet,ok,9,0,0.1,
NASDAQ_CAC_2019.parquet,ok,9,0,0.0,
NASDAQ_CAC_2021.parquet,ok,8,0,0.0,
NASDAQ_CALA_2018.parquet,ok,162,0,0.4,
NASDAQ_CALA_2019.parquet,ok,182,0,0.5,
NASDAQ_CALA_2020.parquet,ok,180,0,0.5,
NASDAQ_CALB_2017.parquet,ok,57,0,0.2,
NASDAQ_CALB_2019.parquet,ok,172,0,0.4,
NASDAQ_CALB_2020.parquet,ok,151,0,0.5,
NASDAQ_CALB_2021.parquet,ok,128,0,0.3,
NASDAQ_CAMP_2018.parquet,ok,133,0,0.4,
NASDAQ_CAMP_2019.parquet,ok,153,0,0.5,
NASDAQ_CAMP_2020.parquet,ok,169,0,0.5,
NASDAQ_CAMP_2021.parquet,ok,165,0,0.5,
NASDAQ_CAN_2019.parquet,ok,385,0,0.9,
NASDAQ_CAN_2020.parquet,ok,286,0,0.7,
NASDAQ_CAN_2021.parquet,ok,308,0,0.8,
NASDAQ_CAPR_2016.parquet,ok,219,0,0.7,
NASDAQ_CAPR_2017.parquet,ok,243,0,1.1,
NASDAQ_CAPR_2018.parquet,ok,274,0,1.3,
NASDAQ_CAPR_2019.parquet,ok,242,0,0.6,
NASDAQ_CAPR_2020.parquet,ok,272,0,0.7,
NASDAQ_CAR_2018.parquet,ok,197,0,0.6,
NASDAQ_CAR_2019.parquet,ok,184,0,0.7,
NASDAQ_CAR_2020.parquet,ok,207,0,0.7,
NASDAQ_CAR_2021.parquet,ok,184,0,0.7,
NASDAQ_CARA_2018.parquet,ok,370,0,1.0,
NASDAQ_CARA_2019.parquet,ok,284,0,0.7,
NASDAQ_CARA_2020.parquet,ok,425,0,1.1,
NASDAQ_CARA_2021.parquet,ok,332,0,0.9,
NASDAQ_CARB_2015.parquet,ok,157,0,0.5,
NASDAQ_CARB_2016.parquet,ok,155,0,0.4,
NASDAQ_CARB_2017.parquet,ok,165,0,0.5,
NASDAQ_CARB_2018.parquet,ok,172,0,0.5,
NASDAQ_CATC_2016.parquet,ok,52,0,0.2,
NASDAQ_CATC_2017.parquet,ok,156,0,0.4,
NASDAQ_CATC_2018.parquet,ok,187,0,0.5,
NASDAQ_CATC_2019.parquet,ok,182,0,0.5,
NASDAQ_CATC_2020.parquet,ok,195,0,0.5,
NASDAQ_CBNK_2018.parquet,ok,212,0,0.5,
NASDAQ_CBNK_2019.parquet,ok,215,0,0.6,
NASDAQ_CBNK_2020.parquet,ok,201,0,0.5,
NASDAQ_CBNK_2021.parquet,ok,163,0,0.4,
NASDAQ_CCBG_2018.parquet,ok,193,0,0.5,
NASDAQ_CCBG_2019.parquet,ok,199,0,0.6,
NASDAQ_CCBG_2020.parquet,ok,223,0,0.6,
NASDAQ_CCBG_2021.parquet,ok,216,0,0.6,
NASDAQ_CCMP_2018.parquet,ok,149,0,0.5,
NASDAQ_CCMP_2019.parquet,ok,12,0,0.1,
NASDAQ_CCMP_2020.parquet,ok,13,0,0.1,
NASDAQ_CDLX_2017.parquet,ok,294,0,0.9,
NASDAQ_CDLX_2018.parquet,ok,252,0,0.8,
NASDAQ_CDMO_2018.parquet,ok,173,0,0.6,
NASDAQ_CDMO_2019.parquet,ok,154,0,0.5,
NASDAQ_CDMO_2020.parquet,ok,119,0,0.4,
NASDAQ_CDNS_2018.parquet,ok,137,0,0.5,
NASDAQ_CDNS_2019.parquet,ok,180,0,0.5,
NASDAQ_CDNS_2020.parquet,ok,224,0,0.6,
NASDAQ_CDNS_2021.parquet,ok,144,0,0.5,
NASDAQ_CDZI_2018.parquet,ok,44,0,0.1,
NASDAQ_CDZI_2019.parquet,ok,135,0,0.5,
NASDAQ_CDZI_2020.parquet,ok,93,0,0.3,
NASDAQ_CDZI_2021.parquet,ok,186,0,0.5,
NASDAQ_CFFN_2018.parquet,ok,206,0,0.6,
NASDAQ_CFFN_2019.parquet,ok,87,0,0.3,
NASDAQ_CFFN_2020.parquet,ok,97,0,0.4,
NASDAQ_CFFN_2021.parquet,ok,165,0,0.5,
NASDAQ_CFNB_2019.parquet,ok,57,0,0.2,
NASDAQ_CGIX_2015.parquet,ok,252,0,0.7,
NASDAQ_CGIX_2016.parquet,ok,409,0,1.1,
NASDAQ_CGIX_2017.parquet,ok,259,0,0.7,
NASDAQ_CGIX_2018.parquet,ok,281,0,0.8,
NASDAQ_CGIX_2019.parquet,ok,191,0,0.6,
NASDAQ_CLBS_2018.parquet,ok,161,0,0.5,
NASDAQ_CLBS_2019.parquet,ok,138,0,1.1,
NASDAQ_CLBS_2020.parquet,ok,147,0,0.5,
NASDAQ_CLBS_2021.parquet,ok,149,0,0.4,
NASDAQ_CLMT_2016.parquet,ok,394,0,1.2,
NASDAQ_CLMT_2017.parquet,ok,415,0,1.1,
NASDAQ_CLMT_2018.parquet,ok,386,0,1.1,
NASDAQ_CLMT_2019.parquet,ok,423,0,1.1,
NASDAQ_CLMT_2020.parquet,ok,281,0,0.7,
NASDAQ_CLXT_2018.parquet,ok,177,0,0.5,
NASDAQ_CLXT_2019.parquet,ok,167,0,0.5,
NASDAQ_CLXT_2020.parquet,ok,141,0,0.4,
NASDAQ_CLXT_2021.parquet,ok,153,0,0.5,
NASDAQ_CMBM_2019.parquet,ok,207,0,0.6,
NASDAQ_CMBM_2020.parquet,ok,228,0,0.7,
NASDAQ_CPHC_2016.parquet,ok,132,0,0.4,
NASDAQ_CPHC_2017.parquet,ok,104,0,0.3,
NASDAQ_CPHC_2018.parquet,ok,109,0,0.3,
NASDAQ_CPHC_2019.parquet,ok,112,0,0.3,
NASDAQ_CPHC_2020.parquet,ok,125,0,0.3,
NASDAQ_CPLP_2017.parquet,ok,376,0,1.1,
NASDAQ_CPLP_2018.parquet,ok,331,0,0.9,
NASDAQ_CPLP_2019.parquet,ok,489,0,1.2,
NASDAQ_CPLP_2020.parquet,ok,361,0,0.9,
NASDAQ_CPLP_2021.parquet,ok,626,0,1.6,
NASDAQ_CPTA_2015.parquet,ok,264,0,0.7,
NASDAQ_CPTA_2016.parquet,ok,280,0,0.8,
NASDAQ_CPTA_2017.parquet,ok,324,0,0.9,
NASDAQ_CPTA_2018.parquet,ok,348,0,0.9,
NASDAQ_CPTA_2019.parquet,ok,376,0,0.9,
NASDAQ_CRMT_2019.parquet,ok,115,0,0.4,
NASDAQ_CRMT_2020.parquet,ok,115,0,0.4,
NASDAQ_CRMT_2021.parquet,ok,120,0,0.4,
NASDAQ_CRMT_2022.parquet,ok,128,0,0.4,
NASDAQ_CSII_2018.parquet,ok,171,0,0.5,
NASDAQ_CSII_2019.parquet,ok,144,0,0.4,
NASDAQ_CSII_2020.parquet,ok,141,0,0.5,
NASDAQ_CSII_2021.parquet,ok,154,0,0.5,
NASDAQ_CSIQ_2016.parquet,ok,407,0,1.5,
NASDAQ_CSIQ_2017.parquet,ok,390,0,1.4,
NASDAQ_CSIQ_2018.parquet,ok,353,0,0.9,
NASDAQ_CSIQ_2019.parquet,ok,321,0,0.8,
NASDAQ_CSIQ_2020.parquet,ok,586,0,1.4,
NASDAQ_CSTE_2016.parquet,ok,397,0,1.1,
NASDAQ_CSTE_2017.parquet,ok,398,0,1.2,
NASDAQ_CSTE_2018.parquet,ok,360,0,0.9,
NASDAQ_CSTE_2019.parquet,ok,422,0,1.1,
NASDAQ_CSTE_2020.parquet,ok,382,0,1.0,
NASDAQ_CSTR_2019.parquet,ok,188,0,0.5,
NASDAQ_CSTR_2020.parquet,ok,40,0,0.2,
NASDAQ_CSTR_2021.parquet,ok,212,0,0.6,
NASDAQ_CSWC_2018.parquet,ok,292,0,0.9,
NASDAQ_CSWC_2019.parquet,ok,255,0,0.7,
NASDAQ_CSWC_2020.parquet,ok,299,0,0.8,
NASDAQ_CSWC_2021.parquet,ok,314,0,0.8,
NASDAQ_CVGW_2018.parquet,ok,105,0,0.4,
NASDAQ_CVGW_2019.parquet,ok,115,0,0.4,
NASDAQ_CVGW_2020.parquet,ok,150,0,0.5,
NASDAQ_CVGW_2021.parquet,ok,150,0,0.6,
NASDAQ_CZR_2018.parquet,ok,310,0,1.0,
NASDAQ_CZR_2019.parquet,ok,328,0,1.0,
NASDAQ_CZR_2020.parquet,ok,373,0,1.1,
NASDAQ_CZR_2021.parquet,ok,668,0,1.6,
NASDAQ_DBVT_2017.parquet,ok,432,0,1.3,
NASDAQ_DBVT_2018.parquet,ok,444,0,1.2,
NASDAQ_DBVT_2019.parquet,ok,500,0,1.3,
NASDAQ_DBVT_2020.parquet,ok,424,0,1.1,
NASDAQ_DBVT_2021.parquet,ok,224,0,0.7,
NASDAQ_DDD_2017.parquet,ok,154,0,0.5,
NASDAQ_DDD_2018.parquet,ok,135,0,0.5,
NASDAQ_DDD_2019.parquet,ok,11,0,0.1,
NASDAQ_DDD_2020.parquet,ok,264,0,0.8,
NASDAQ_DOO_2018.parquet,ok,14,0,0.1,
NASDAQ_DOO_2019.parquet,ok,23,0,0.1,
NASDAQ_DOO_2020.parquet,ok,35,0,0.1,
NASDAQ_DOO_2021.parquet,ok,34,0,0.1,
NASDAQ_EARS_2017.parquet,ok,395,0,1.2,
NASDAQ_EARS_2018.parquet,ok,429,0,1.1,
NASDAQ_EARS_2019.parquet,ok,372,0,1.0,
NASDAQ_EARS_2020.parquet,ok,382,0,1.0,
NASDAQ_EARS_2021.parquet,ok,363,0,1.0,
NASDAQ_EGHT_2019.parquet,ok,174,0,0.5,
NASDAQ_EGHT_2020.parquet,ok,199,0,1.5,
NASDAQ_EGHT_2021.parquet,ok,164,0,0.7,
NASDAQ_EGHT_2022.parquet,ok,156,0,0.5,
NASDAQ_EPAY_2018.parquet,ok,130,0,0.4,
NASDAQ_EPAY_2019.parquet,ok,140,0,0.4,
NASDAQ_EPAY_2020.parquet,ok,130,0,0.4,
NASDAQ_EPAY_2021.parquet,ok,131,0,0.4,
NASDAQ_ETNB_2019.parquet,ok,315,0,0.8,
NASDAQ_ETNB_2020.parquet,ok,168,0,0.5,
NASDAQ_ETNB_2021.parquet,ok,169,0,0.5,
NASDAQ_FLWS_2019.parquet,ok,93,0,0.3,
NASDAQ_FLWS_2020.parquet,ok,89,0,0.3,
NASDAQ_FLWS_2021.parquet,ok,94,0,0.3,
NASDAQ_FLWS_2022.parquet,ok,142,0,0.4,
NASDAQ_FOLD_2019.parquet,ok,238,0,0.7,
NASDAQ_FOLD_2020.parquet,ok,242,0,0.7,
NASDAQ_FOLD_2021.parquet,ok,225,0,0.6,
NASDAQ_FOLD_2022.parquet,ok,223,0,0.6,
NASDAQ_FUV_2019.parquet,ok,103,0,0.4,
NASDAQ_FUV_2020.parquet,ok,113,0,0.4,
NASDAQ_FUV_2021.parquet,ok,139,0,0.5,
NASDAQ_FUV_2022.parquet,ok,140,0,0.5,
NASDAQ_GPP_2018.parquet,ok,190,0,0.6,
NASDAQ_GPP_2019.parquet,ok,202,0,0.5,
NASDAQ_GPP_2020.parquet,ok,174,0,0.5,
NASDAQ_HURC_2019.parquet,ok,267,0,0.8,
NASDAQ_HURC_2020.parquet,ok,362,0,0.9,
NASDAQ_HURC_2021.parquet,ok,274,0,0.7,
NASDAQ_HURC_2022.parquet,ok,259,0,0.9,
NASDAQ_IBCP_2016.parquet,ok,142,0,0.8,
NASDAQ_IBCP_2017_f4884b55347f43f09dc5f6b860f3148e.parquet,ok,140,0,0.4,
NASDAQ_IBCP_2018.parquet,ok,143,0,0.4,
NASDAQ_IBCP_2019.parquet,ok,137,0,0.4,
NASDAQ_IBCP_2020.parquet,ok,205,0,0.5,
NASDAQ_IBTX_2015.parquet,ok,191,0,0.5,
NASDAQ_IBTX_2016.parquet,ok,27,0,0.2,
NASDAQ_IBTX_2017.parquet,ok,250,0,0.7,
NASDAQ_IBTX_2018.parquet,ok,244,0,0.6,
NASDAQ_IBTX_2020.parquet,ok,218,0,0.7,
NASDAQ_ICUI_2016_be053643da474abb9e048daf1ac9aa5f.parquet,ok,140,0,0.5,
NASDAQ_ICUI_2017_f648bdecfe524b9ab55f6e702d3f397b.parquet,ok,153,0,0.5,
NASDAQ_ICUI_2018.parquet,ok,174,0,0.5,
NASDAQ_ICUI_2019.parquet,ok,171,0,0.5,
NASDAQ_ICUI_2020.PDF.parquet,ok,15,0,0.1,
NASDAQ_INDB_2015.parquet,ok,7,0,0.1,
NASDAQ_INDB_2016.parquet,ok,6,0,0.1,
NASDAQ_INDB_2017.parquet,ok,7,0,0.1,
NASDAQ_INDB_2018.parquet,ok,9,0,0.0,
NASDAQ_INDB_2019.parquet,ok,9,0,0.0,
NASDAQ_INGN_2016.parquet,ok,273,0,0.8,
NASDAQ_INGN_2017.parquet,ok,262,0,0.8,
NASDAQ_INGN_2018.parquet,ok,251,0,0.7,
NASDAQ_INGN_2019.parquet,ok,266,0,0.8,
NASDAQ_INGN_2020.parquet,ok,291,0,0.8,
NASDAQ_INSM_2016.parquet,ok,333,0,1.0,
NASDAQ_INSM_2017.parquet,ok,342,0,1.0,
NASDAQ_INSM_2018.parquet,ok,207,0,0.6,
NASDAQ_INSM_2019.parquet,ok,218,0,0.7,
NASDAQ_INSM_2020.parquet,ok,216,0,1.2,
NASDAQ_INSY_2015.parquet,ok,264,0,0.9,
NASDAQ_INSY_2016.parquet,ok,252,0,0.7,
NASDAQ_INSY_2017.parquet,ok,284,0,0.8,
NASDAQ_INSY_2018.parquet,ok,289,0,0.8,
NASDAQ_IOSP_2016.parquet,ok,118,0,0.4,
NASDAQ_IOSP_2017.parquet,ok,119,0,0.4,
NASDAQ_IOSP_2018.parquet,ok,117,0,0.4,
NASDAQ_IOSP_2019.parquet,ok,141,0,0.5,
NASDAQ_IOSP_2020.parquet,ok,121,0,0.4,
NASDAQ_ISBC_2016.parquet,ok,317,0,0.9,
NASDAQ_ISBC_2017.parquet,ok,319,0,0.8,
NASDAQ_ISBC_2018.parquet,ok,325,0,0.8,
NASDAQ_ISBC_2019.parquet,ok,222,0,0.6,
NASDAQ_ISBC_2020.parquet,ok,265,0,0.8,
NASDAQ_ITCI_2016.parquet,ok,222,0,0.7,
NASDAQ_ITCI_2017.parquet,ok,222,0,0.6,
NASDAQ_ITCI_2018.parquet,ok,224,0,0.6,
NASDAQ_ITCI_2019.parquet,ok,251,0,0.7,
NASDAQ_ITCI_2020.parquet,ok,217,0,0.6,
NASDAQ_JFU_2019.parquet,ok,588,0,1.6,
NASDAQ_JFU_2020.parquet,ok,483,0,1.2,
NASDAQ_JFU_2021.parquet,ok,442,0,1.1,
NASDAQ_JG_2018.parquet,ok,338,0,0.9,
NASDAQ_JG_2019.parquet,ok,379,0,0.9,
NASDAQ_JG_2020.parquet,ok,350,0,1.0,
NASDAQ_JG_2021.parquet,ok,385,0,0.9,
NASDAQ_JOBS_2015.parquet,ok,243,0,0.7,
NASDAQ_JOBS_2016.parquet,ok,252,0,0.6,
NASDAQ_JOBS_2017.parquet,ok,328,0,0.8,
NASDAQ_JOBS_2018.parquet,ok,279,0,0.7,
NASDAQ_JOBS_2019.parquet,ok,331,0,0.8,
NASDAQ_KERN_2019.parquet,ok,121,0,0.4,
NASDAQ_KERN_2020.parquet,ok,153,0,0.5,
NASDAQ_KERN_2021.parquet,ok,201,0,0.6,
NASDAQ_KRKR_2019.parquet,ok,367,0,0.9,
NASDAQ_KRKR_2020.parquet,ok,358,0,0.9,
NASDAQ_KRKR_2021.parquet,ok,432,0,1.1,
NASDAQ_KRKR_2022.parquet,ok,390,0,1.0,
NASDAQ_LIFE_2018.parquet,ok,228,0,0.7,
NASDAQ_LIFE_2019.parquet,ok,222,0,1.1,
NASDAQ_LIFE_2020.parquet,ok,278,0,1.6,
NASDAQ_LIFE_2021.parquet,ok,279,0,0.8,
NASDAQ_MDRX_2018.parquet,ok,231,0,0.7,
NASDAQ_MDRX_2019.parquet,ok,235,0,0.7,
NASDAQ_MDRX_2020.parquet,ok,342,0,1.1,
NASDAQ_MDRX_2021.parquet,ok,200,0,0.6,
NASDAQ_MPWR_2016.parquet,ok,141,0,0.4,
NASDAQ_MPWR_2017_9c9f88a34a1a4e3e91288a498c765e7c.parquet,ok,156,0,0.5,
NASDAQ_MPWR_2018.parquet,ok,151,0,0.5,
NASDAQ_MPWR_2019.parquet,ok,142,0,0.4,
NASDAQ_MPWR_2020.parquet,ok,149,0,0.5,
NASDAQ_MSTR_2016.parquet,ok,166,0,0.5,
NASDAQ_MSTR_2017.parquet,ok,174,0,0.5,
NASDAQ_MSTR_2018.parquet,ok,141,0,0.4,
NASDAQ_MSTR_2019.parquet,ok,137,0,0.4,
NASDAQ_NCLH_2016.parquet,ok,188,0,0.6,
NASDAQ_NCLH_2017.parquet,ok,173,0,0.5,
NASDAQ_NCLH_2018.parquet,ok,176,0,0.5,
NASDAQ_NCLH_2019.parquet,ok,177,0,0.5,
NASDAQ_NCLH_2020.parquet,ok,229,0,0.6,
NASDAQ_NMTR_2020.parquet,ok,222,0,0.7,
NASDAQ_NMTR_2021.parquet,ok,218,0,0.7,
NASDAQ_NTLA_2018.parquet,ok,278,0,0.8,
NASDAQ_NTLA_2019.parquet,ok,310,0,0.8,
NASDAQ_NTLA_2020.parquet,ok,250,0,0.7,
NASDAQ_NTLA_2021.parquet,ok,273,0,0.7,
NASDAQ_OZK_2019.parquet,ok,295,0,0.9,
NASDAQ_OZK_2020.parquet,ok,302,0,0.8,
NASDAQ_OZK_2021.parquet,ok,313,0,0.8,
NASDAQ_OZK_2022.parquet,ok,293,0,0.8,
NASDAQ_PIH_2015.parquet,ok,130,0,0.4,
NASDAQ_PIH_2016.parquet,ok,135,0,0.4,
NASDAQ_PIH_2017.parquet,ok,161,0,0.5,
NASDAQ_PODD_2016.parquet,ok,283,0,0.9,
NASDAQ_PODD_2017.parquet,ok,172,0,0.5,
NASDAQ_PODD_2018.parquet,ok,167,0,0.5,
NASDAQ_PODD_2019.parquet,ok,154,0,0.5,
NASDAQ_PODD_2020.parquet,ok,157,0,0.5,
NASDAQ_PRTK_2015.parquet,ok,4,0,0.1,
NASDAQ_PRTK_2016.parquet,ok,692,0,1.9,
NASDAQ_PRTK_2017.parquet,ok,365,0,1.0,
NASDAQ_PRTK_2018.parquet,ok,289,0,0.9,
NASDAQ_PRTK_2019.parquet,ok,375,0,1.1,
NASDAQ_QFIN_2018.parquet,ok,387,0,1.1,
NASDAQ_QFIN_2019.parquet,ok,414,0,1.2,
NASDAQ_QFIN_2020.parquet,ok,383,0,2.6,
NASDAQ_RCEL_2019.parquet,ok,233,0,0.7,
NASDAQ_RCEL_2020.parquet,ok,177,0,0.6,
NASDAQ_RKDA_2019.parquet,ok,200,0,0.6,
NASDAQ_RKDA_2020.parquet,ok,143,0,0.4,
NASDAQ_RKDA_2021.parquet,ok,149,0,0.5,
NASDAQ_RKDA_2022.parquet,ok,132,0,0.4,
NASDAQ_SRCE_2019.parquet,ok,172,0,0.6,
NASDAQ_SRCE_2020.parquet,ok,186,0,0.5,
NASDAQ_SRCE_2021.parquet,ok,180,0,0.5,
NASDAQ_SRCE_2022.parquet,ok,174,0,0.5,
NASDAQ_TBBK_2018.parquet,ok,249,0,0.7,
NASDAQ_TBBK_2019.parquet,ok,263,0,0.7,
NASDAQ_TBBK_2020.parquet,ok,290,0,0.7,
NASDAQ_TBBK_2021.parquet,ok,295,0,0.8,
NASDAQ_TCPC_2018.parquet,ok,247,0,0.8,
NASDAQ_TCPC_2019.parquet,ok,252,0,0.9,
NASDAQ_TCPC_2020.parquet,ok,280,0,0.7,
NASDAQ_TCPC_2021.parquet,ok,281,0,0.7,
NASDAQ_TEAM_2017.parquet,ok,228,0,0.7,
NASDAQ_TEAM_2018.parquet,ok,242,0,0.7,
NASDAQ_TEAM_2019.parquet,ok,244,0,0.8,
NASDAQ_TEAM_2020.parquet,ok,255,0,0.7,
NASDAQ_TEAM_2021.parquet,ok,272,0,0.9,
NASDAQ_TECH_2019_a533c43d14974321a24bfa0c988aaaa4.parquet,ok,129,0,0.5,
NASDAQ_TECH_2020_a058c9ea1111402cb91dda86feee04f0.parquet,ok,128,0,0.5,
NASDAQ_TECH_2021.parquet,ok,145,0,0.5,
NASDAQ_TECH_2022.parquet,ok,36,0,0.2,
NASDAQ_TTOO_2017.parquet,ok,641,0,1.9,
NASDAQ_TTOO_2018.parquet,ok,35,0,0.2,
NASDAQ_TTOO_2019.parquet,ok,311,0,0.9,
NASDAQ_TTOO_2020.parquet,ok,320,0,1.0,
NASDAQ_TTS_2018.parquet,ok,153,0,0.6,
NASDAQ_TTS_2019.parquet,ok,127,0,0.4,
NASDAQ_TTS_2020.parquet,ok,193,0,0.6,
NASDAQ_TTS_2021.parquet,ok,128,0,0.4,
NASDAQ_TWOU_2019.parquet,ok,181,0,0.6,
NASDAQ_TWOU_2020.parquet,ok,200,0,0.7,
NASDAQ_TWOU_2021.parquet,ok,218,0,0.7,
NASDAQ_TWOU_2022.parquet,ok,1438,0,2.5,
NASDAQ_TXG_2019.parquet,ok,262,0,0.8,
NASDAQ_TXG_2020.parquet,ok,627,0,1.5,
NASDAQ_TXG_2021.parquet,ok,302,0,1.4,
NASDAQ_UHAL_2018.parquet,ok,31,0,0.1,
NASDAQ_UHAL_2019.PDF.parquet,ok,161,0,0.6,
NASDAQ_UHAL_2020.parquet,ok,180,0,0.6,
NASDAQ_UHAL_2021.parquet,ok,174,0,0.5,
NASDAQ_VNET_2015.parquet,ok,367,0,1.1,
NASDAQ_VNET_2016.parquet,ok,555,0,1.6,
NASDAQ_VNET_2017.parquet,ok,379,0,1.0,
NASDAQ_VNET_2018.parquet,ok,376,0,1.0,
NASDAQ_VNET_2019.parquet,ok,696,0,1.8,
NASDAQ_WIFI_2017.parquet,ok,142,0,0.5,
NASDAQ_WIFI_2018.parquet,ok,500,0,1.3,
NASDAQ_WIFI_2019.parquet,ok,202,0,0.6,
NASDAQ_WIFI_2020.parquet,ok,227,0,0.7,
NASDAQ_XAIR_2019.parquet,ok,220,0,0.7,
NASDAQ_XAIR_2020.parquet,ok,217,0,0.7,
NASDAQ_XAIR_2021.parquet,ok,226,0,0.6,
NASDAQ_XENT_2015.parquet,ok,133,0,0.4,
NASDAQ_XENT_2017.parquet,ok,129,0,0.4,
NASDAQ_XENT_2018.parquet,ok,133,0,0.4,
NASDAQ_XENT_2019.parquet,ok,141,0,0.4,
NASDAQ_XENT_2020.parquet,ok,11,0,0.1,
NASDAQ_XLRN_2017.parquet,ok,11,0,0.1,
NASDAQ_XLRN_2018.parquet,ok,210,0,0.6,
NASDAQ_XLRN_2019.parquet,ok,11,0,0.1,
NASDAQ_XLRN_2020.parquet,ok,11,0,0.1,
NASDAQ_YI_2018.parquet,ok,322,0,0.9,
NASDAQ_YI_2019.parquet,ok,374,0,1.0,
NASDAQ_YI_2020.parquet,ok,429,0,1.1,
NASDAQ_YI_2021.parquet,ok,361,0,0.9,
NYSE_AI_2019.parquet,ok,284,284,0.8,
TSX_DOO_2017.parquet,ok,15,15,0.1,
