pdf_path,status,elapsed_seconds,n_chunks_word_count,form_type,company_name_mismatch,n_chunks_numeric_dense,error
../downolad_files\data/nasdaq_annual_reports/acacia-communications-inc/NASDAQ_ACIA%20_2018.pdf,preflagged_error,,,,,,Stream has ended unexpectedly
../downolad_files\data/nasdaq_annual_reports/1-800-flowerscom/NASDAQ_FLWS_2022.pdf,ok,26.2,142,10-K,False,38,
../downolad_files\data/nasdaq_annual_reports/1-800-flowerscom/NASDAQ_FLWS_2020.pdf,ok,26.6,89,,,25,
../downolad_files\data/nasdaq_annual_reports/1-800-flowerscom/NASDAQ_FLWS_2019.pdf,ok,28.0,93,,,26,
../downolad_files\data/nasdaq_annual_reports/1-800-flowerscom/NASDAQ_FLWS_2021.pdf,ok,29.8,94,,,28,
../downolad_files\data/nasdaq_annual_reports/10x-genomics-inc/NASDAQ_TXG_2021.pdf,ok,44.2,302,10-K,False,26,
../downolad_files\data/nasdaq_annual_reports/10x-genomics-inc/NASDAQ_TXG_2019.pdf,ok,71.4,262,10-K,False,33,
../downolad_files\data/nasdaq_annual_reports/1347-property-insurance-holdings-inc/NASDAQ_PIH_2015.pdf,ok,19.9,130,10-K,False,29,
../downolad_files\data/nasdaq_annual_reports/1347-property-insurance-holdings-inc/NASDAQ_PIH_2016.pdf,ok,19.8,135,10-K,False,36,
../downolad_files\data/nasdaq_annual_reports/111-inc/NASDAQ_YI_2018.pdf,ok,99.3,322,20-F,False,41,
../downolad_files\data/nasdaq_annual_reports/111-inc/NASDAQ_YI_2019.pdf,ok,114.3,374,20-F,False,42,
../downolad_files\data/nasdaq_annual_reports/1347-property-insurance-holdings-inc/NASDAQ_PIH_2017.pdf,ok,35.4,161,10-K,False,42,
../downolad_files\data/nasdaq_annual_reports/111-inc/NASDAQ_YI_2020.pdf,ok,118.2,429,20-F,False,55,
../downolad_files\data/nasdaq_annual_reports/1st-source-corporation/NASDAQ_SRCE_2019.pdf,ok,24.2,172,10-K,False,67,
../downolad_files\data/nasdaq_annual_reports/1st-source-corporation/NASDAQ_SRCE_2020.pdf,ok,28.4,186,10-K,False,69,
../downolad_files\data/nasdaq_annual_reports/10x-genomics-inc/NASDAQ_TXG_2020.pdf,ok,180.0,627,10-K,False,35,
../downolad_files\data/nasdaq_annual_reports/111-inc/NASDAQ_YI_2021.pdf,ok,114.7,361,20-F,False,43,
../downolad_files\data/nasdaq_annual_reports/1895-bancorp-of-wisconsin-inc/NASDAQ_BCOW_2021.pdf,ok,64.2,192,10-K,False,52,
../downolad_files\data/nasdaq_annual_reports/1895-bancorp-of-wisconsin-inc/NASDAQ_BCOW_2022.pdf,ok,52.2,182,10-K,False,50,
../downolad_files\data/nasdaq_annual_reports/1st-source-corporation/NASDAQ_SRCE_2021.pdf,ok,28.0,180,10-K,False,69,
../downolad_files\data/nasdaq_annual_reports/1st-source-corporation/NASDAQ_SRCE_2022.pdf,ok,25.6,174,10-K,False,65,
../downolad_files\data/nasdaq_annual_reports/2u-inc/NASDAQ_TWOU_2019.pdf,ok,25.4,181,10-K,,36,
../downolad_files\data/nasdaq_annual_reports/2u-inc/NASDAQ_TWOU_2020.pdf,ok,30.2,200,10-K,,36,
../downolad_files\data/nasdaq_annual_reports/21vianet-group-inc/NASDAQ_VNET_2015.pdf,ok,113.6,367,20-F,False,86,
../downolad_files\data/nasdaq_annual_reports/2u-inc/NASDAQ_TWOU_2021.pdf,ok,41.6,218,10-K,,33,
../downolad_files\data/nasdaq_annual_reports/21vianet-group-inc/NASDAQ_VNET_2017.pdf,ok,109.2,379,20-F,False,81,
../downolad_files\data/nasdaq_annual_reports/21vianet-group-inc/NASDAQ_VNET_2018.pdf,ok,111.4,376,20-F,False,76,
../downolad_files\data/nasdaq_annual_reports/21vianet-group-inc/NASDAQ_VNET_2016.pdf,ok,166.3,555,20-F,False,98,
../downolad_files\data/nasdaq_annual_reports/21vianet-group-inc/NASDAQ_VNET_2019.pdf,ok,197.6,696,20-F,False,86,
../downolad_files\data/nasdaq_annual_reports/360-finance-inc/NASDAQ_QFIN_2019.pdf,ok,121.3,414,20-F,False,50,
../downolad_files\data/nasdaq_annual_reports/360-finance-inc/NASDAQ_QFIN_2020.pdf,ok,117.2,383,20-F,False,51,
../downolad_files\data/nasdaq_annual_reports/360-finance-inc/NASDAQ_QFIN_2018.pdf,ok,136.8,387,20-F,False,46,
../downolad_files\data/nasdaq_annual_reports/3d-systems-corp/NASDAQ_DDD_2017.pdf,ok,31.8,154,10-K,False,50,
../downolad_files\data/nasdaq_annual_reports/36kr-holdings-inc/NASDAQ_KRKR_2019.pdf,ok,127.3,367,20-F,False,46,
../downolad_files\data/nasdaq_annual_reports/3d-systems-corp/NASDAQ_DDD_2018.pdf,ok,20.2,135,10-K,False,45,
../downolad_files\data/nasdaq_annual_reports/3d-systems-corp/NASDAQ_DDD_2019.pdf,ok,20.8,11,,,0,
../downolad_files\data/nasdaq_annual_reports/36kr-holdings-inc/NASDAQ_KRKR_2020.pdf,ok,124.5,358,20-F,False,46,
../downolad_files\data/nasdaq_annual_reports/3d-systems-corp/NASDAQ_DDD_2020.pdf,ok,37.2,264,10-K,False,50,
../downolad_files\data/nasdaq_annual_reports/36kr-holdings-inc/NASDAQ_KRKR_2022.pdf,ok,108.4,390,20-F,False,47,
../downolad_files\data/nasdaq_annual_reports/36kr-holdings-inc/NASDAQ_KRKR_2021.pdf,ok,119.8,432,20-F,False,60,
../downolad_files\data/nasdaq_annual_reports/2u-inc/NASDAQ_TWOU_2022.pdf,ok,251.0,1438,,,46,
../downolad_files\data/nasdaq_annual_reports/51job-inc/NASDAQ_JOBS_2015.pdf,ok,30.2,243,20-F,False,38,
../downolad_files\data/nasdaq_annual_reports/51job-inc/NASDAQ_JOBS_2016.pdf,ok,32.0,252,20-F,False,41,
../downolad_files\data/nasdaq_annual_reports/51job-inc/NASDAQ_JOBS_2017.pdf,ok,40.7,328,20-F,False,38,
../downolad_files\data/nasdaq_annual_reports/51job-inc/NASDAQ_JOBS_2018.pdf,ok,33.4,279,20-F,False,37,
../downolad_files\data/nasdaq_annual_reports/51job-inc/NASDAQ_JOBS_2019.pdf,ok,51.2,331,20-F,False,41,
../downolad_files\data/nasdaq_annual_reports/8x8-inc/NASDAQ_EGHT_2019.pdf,ok,24.8,174,10-K,False,36,
../downolad_files\data/nasdaq_annual_reports/89bio-inc/NASDAQ_ETNB_2020.pdf,ok,48.6,168,10-K,False,16,
../downolad_files\data/nasdaq_annual_reports/3d-systems-corp/NASDAQ_DDD_2021.pdf,ok,106.8,432,20-F,True,60,
../downolad_files\data/nasdaq_annual_reports/8x8-inc/NASDAQ_EGHT_2020.pdf,ok,28.1,199,10-K,False,34,
../downolad_files\data/nasdaq_annual_reports/8x8-inc/NASDAQ_EGHT_2021.pdf,ok,25.8,164,10-K,False,30,
../downolad_files\data/nasdaq_annual_reports/89bio-inc/NASDAQ_ETNB_2021.pdf,ok,53.5,169,10-K,False,15,
../downolad_files\data/nasdaq_annual_reports/8x8-inc/NASDAQ_EGHT_2022.pdf,ok,26.0,156,,,30,
../downolad_files\data/nasdaq_annual_reports/89bio-inc/NASDAQ_ETNB_2019.pdf,ok,85.5,315,10-K,False,28,
../downolad_files\data/nasdaq_annual_reports/9-meters-biopharma-inc/NASDAQ_NMTR_2018.pdf,ok,27.4,219,10-K,True,20,
../downolad_files\data/nasdaq_annual_reports/9-meters-biopharma-inc/NASDAQ_NMTR_2020.pdf,ok,58.8,222,10-K,False,31,
../downolad_files\data/nasdaq_annual_reports/9-meters-biopharma-inc/NASDAQ_NMTR_2021.pdf,ok,56.3,218,10-K,False,25,
../downolad_files\data/nasdaq_annual_reports/BRPInc/NASDAQ_DOO_2018.pdf,ok,3.7,14,,,1,
../downolad_files\data/nasdaq_annual_reports/BRPInc/NASDAQ_DOO_2019.pdf,ok,5.9,23,,,5,
../downolad_files\data/nasdaq_annual_reports/9-meters-biopharma-inc/NASDAQ_NMTR_2019.pdf,ok,78.3,302,10-K,True,25,
../downolad_files\data/nasdaq_annual_reports/BRPInc/NASDAQ_DOO_2020.pdf,ok,8.4,35,,,3,
../downolad_files\data/nasdaq_annual_reports/BRPInc/TSX_DOO_2017.pdf,ok,6.1,15,,,2,
../downolad_files\data/nasdaq_annual_reports/BRPInc/NASDAQ_DOO_2021.pdf,ok,11.1,34,,,3,
../downolad_files\data/nasdaq_annual_reports/DBV/NASDAQ_DBVT_2018.pdf,ok,65.6,444,20-F,,98,
../downolad_files\data/nasdaq_annual_reports/DBV/NASDAQ_DBVT_2017.pdf,ok,69.0,432,20-F,,86,
../downolad_files\data/nasdaq_annual_reports/9f-inc/NASDAQ_JFU_2020.pdf,ok,146.4,483,20-F,,59,
../downolad_files\data/nasdaq_annual_reports/9-meters-biopharma-inc/NASDAQ_NMTR_2017.pdf,ok,194.9,647,10-K,True,34,
../downolad_files\data/nasdaq_annual_reports/9f-inc/NASDAQ_JFU_2019.pdf,ok,179.2,588,20-F,,67,
../downolad_files\data/nasdaq_annual_reports/9f-inc/NASDAQ_JFU_2021.pdf,ok,143.2,442,20-F,,45,
../downolad_files\data/nasdaq_annual_reports/DBV/NASDAQ_DBVT_2021.pdf,ok,49.1,224,10-K,False,16,
../downolad_files\data/nasdaq_annual_reports/DBV/NASDAQ_DBVT_2019.pdf,ok,88.8,500,20-F,,80,
../downolad_files\data/nasdaq_annual_reports/Green-Plains-Partners-LP/NASDAQ_GPP_2018.pdf,ok,54.3,190,10-K,False,33,
../downolad_files\data/nasdaq_annual_reports/Green-Plains-Partners-LP/NASDAQ_GPP_2019.pdf,ok,48.1,202,10-K,False,32,
../downolad_files\data/nasdaq_annual_reports/Green-Plains-Partners-LP/NASDAQ_GPP_2020.pdf,ok,32.7,174,10-K,False,31,
../downolad_files\data/nasdaq_annual_reports/Green-Plains-Partners-LP/NASDAQ_GPP_2021.pdf,ok,28.0,156,10-K,True,25,
../downolad_files\data/nasdaq_annual_reports/Hurco-companies-Inc/NASDAQ_HURC_2019.pdf,ok,41.1,267,10-K,False,79,
../downolad_files\data/nasdaq_annual_reports/Eldorado-Resorts-Inc/NASDAQ_ERI_2020.pdf,ok,118.3,373,10-K,True,87,
../downolad_files\data/nasdaq_annual_reports/Hurco-companies-Inc/NASDAQ_HURC_2021.pdf,ok,44.5,274,10-K,False,70,
../downolad_files\data/nasdaq_annual_reports/ICU-medical-Incorporated/NASDAQ_ICUI_2016_be053643da474abb9e048daf1ac9aa5f.pdf,ok,16.9,140,10-K,False,40,
../downolad_files\data/nasdaq_annual_reports/DBV/NASDAQ_DBVT_2020.pdf,ok,152.1,424,10-K,False,30,
../downolad_files\data/nasdaq_annual_reports/ICU-medical-Incorporated/NASDAQ_ICUI_2017_f648bdecfe524b9ab55f6e702d3f397b.pdf,ok,19.0,153,10-K,False,43,
../downolad_files\data/nasdaq_annual_reports/Independent-bank-corp/NASDAQ_INDB_2015.pdf,ok,1.7,7,,,2,
../downolad_files\data/nasdaq_annual_reports/Independent-bank-corp/NASDAQ_INDB_2016.pdf,ok,2.8,6,,,1,
../downolad_files\data/nasdaq_annual_reports/ICU-medical-Incorporated/NASDAQ_ICUI_2018.pdf,ok,19.0,174,10-K,False,48,
../downolad_files\data/nasdaq_annual_reports/Independent-bank-corp/NASDAQ_INDB_2017.pdf,ok,1.8,7,,,1,
../downolad_files\data/nasdaq_annual_reports/ICU-medical-Incorporated/NASDAQ_ICUI_2019.pdf,ok,17.3,171,10-K,False,42,
../downolad_files\data/nasdaq_annual_reports/Hurco-companies-Inc/NASDAQ_HURC_2020.pdf,ok,69.7,362,10-K,False,77,
../downolad_files\data/nasdaq_annual_reports/Independent-bank-corp/NASDAQ_INDB_2018.pdf,ok,3.1,9,,,1,
../downolad_files\data/nasdaq_annual_reports/Independent-bank-corp/NASDAQ_INDB_2019.pdf,ok,2.5,9,,,1,
../downolad_files\data/nasdaq_annual_reports/Hurco-companies-Inc/NASDAQ_HURC_2022.pdf,ok,51.4,259,10-K,False,68,
../downolad_files\data/nasdaq_annual_reports/ICU-medical-Incorporated/NASDAQ_ICUI_2020.PDF,ok,27.3,15,,,1,
../downolad_files\data/nasdaq_annual_reports/Independent-bank-corporation/NASDAQ_IBCP_2016.pdf,ok,18.1,142,,,68,
../downolad_files\data/nasdaq_annual_reports/Independent-bank-corporation/NASDAQ_IBCP_2019.pdf,ok,19.1,137,,,62,
../downolad_files\data/nasdaq_annual_reports/Independent-bank-corporation/NASDAQ_IBCP_2017_f4884b55347f43f09dc5f6b860f3148e.pdf,ok,22.5,140,,,67,
../downolad_files\data/nasdaq_annual_reports/Independent-bank-corporation/NASDAQ_IBCP_2020.pdf,ok,37.5,205,10-K,False,86,
../downolad_files\data/nasdaq_annual_reports/Independent-bank-group-Inc/NASDAQ_IBTX_2015.pdf,ok,27.5,191,10-K,False,49,
../downolad_files\data/nasdaq_annual_reports/Independent-bank-group-Inc/NASDAQ_IBTX_2016.pdf,ok,28.2,27,,,2,
../downolad_files\data/nasdaq_annual_reports/Independent-bank-group-Inc/NASDAQ_IBTX_2018.pdf,ok,28.4,244,10-K,False,89,
../downolad_files\data/nasdaq_annual_reports/Independent-bank-corporation/NASDAQ_IBCP_2018.pdf,ok,50.6,143,,,66,
../downolad_files\data/nasdaq_annual_reports/Innospec-Inc/NASDAQ_IOSP_2016.pdf,ok,22.3,118,10-K,False,48,
../downolad_files\data/nasdaq_annual_reports/Independent-bank-group-Inc/NASDAQ_IBTX_2017.pdf,ok,44.7,250,10-K,False,59,
../downolad_files\data/nasdaq_annual_reports/Innospec-Inc/NASDAQ_IOSP_2017.pdf,ok,22.8,119,10-K,False,49,
../downolad_files\data/nasdaq_annual_reports/Innospec-Inc/NASDAQ_IOSP_2018.pdf,ok,22.6,117,10-K,False,46,
../downolad_files\data/nasdaq_annual_reports/Independent-bank-group-Inc/NASDAQ_IBTX_2020.pdf,ok,37.5,218,10-K,False,50,
../downolad_files\data/nasdaq_annual_reports/Innospec-Inc/NASDAQ_IOSP_2019.pdf,ok,30.8,141,10-K,False,45,
../downolad_files\data/nasdaq_annual_reports/Innospec-Inc/NASDAQ_IOSP_2020.pdf,ok,25.2,121,10-K,False,48,
../downolad_files\data/nasdaq_annual_reports/Inogen-Inc/NASDAQ_INGN_2017.pdf,ok,36.1,262,10-K,False,50,
../downolad_files\data/nasdaq_annual_reports/Inogen-Inc/NASDAQ_INGN_2016.pdf,ok,45.7,273,10-K,False,54,
../downolad_files\data/nasdaq_annual_reports/Inogen-Inc/NASDAQ_INGN_2019.pdf,ok,41.7,266,10-K,False,44,
../downolad_files\data/nasdaq_annual_reports/Inogen-Inc/NASDAQ_INGN_2018.pdf,ok,48.9,251,10-K,False,51,
../downolad_files\data/nasdaq_annual_reports/Inogen-Inc/NASDAQ_INGN_2020.pdf,ok,42.2,291,10-K,False,46,
../downolad_files\data/nasdaq_annual_reports/Insmed-Incorporated/NASDAQ_INSM_2016.pdf,ok,49.7,333,10-K,False,30,
../downolad_files\data/nasdaq_annual_reports/Insmed-Incorporated/NASDAQ_INSM_2019.pdf,ok,35.8,218,,,28,
../downolad_files\data/nasdaq_annual_reports/Insmed-Incorporated/NASDAQ_INSM_2020.pdf,ok,40.6,216,10-K,False,27,
../downolad_files\data/nasdaq_annual_reports/Insulet-corporation/NASDAQ_PODD_2016.pdf,ok,47.1,283,10-K,False,55,
../downolad_files\data/nasdaq_annual_reports/Insmed-Incorporated/NASDAQ_INSM_2018.pdf,ok,110.9,207,10-K,False,30,
../downolad_files\data/nasdaq_annual_reports/Insulet-corporation/NASDAQ_PODD_2019.pdf,ok,66.2,154,10-K,False,40,
../downolad_files\data/nasdaq_annual_reports/Insulet-corporation/NASDAQ_PODD_2020.pdf,ok,65.4,157,10-K,False,39,
../downolad_files\data/nasdaq_annual_reports/Insulet-corporation/NASDAQ_PODD_2017.pdf,ok,103.0,172,10-K,False,47,
../downolad_files\data/nasdaq_annual_reports/Insulet-corporation/NASDAQ_PODD_2018.pdf,ok,99.8,167,10-K,False,49,
../downolad_files\data/nasdaq_annual_reports/Insmed-Incorporated/NASDAQ_INSM_2017.pdf,ok,149.9,342,10-K,False,34,
../downolad_files\data/nasdaq_annual_reports/Insys-therapeutics-Inc/NASDAQ_INSY_2015.pdf,ok,114.4,264,10-K,False,37,
../downolad_files\data/nasdaq_annual_reports/Insys-therapeutics-Inc/NASDAQ_INSY_2016.pdf,ok,109.6,252,10-K,False,45,
../downolad_files\data/nasdaq_annual_reports/Insys-therapeutics-Inc/NASDAQ_INSY_2017.pdf,ok,123.2,284,10-K,False,44,
../downolad_files\data/nasdaq_annual_reports/Insys-therapeutics-Inc/NASDAQ_INSY_2018.pdf,ok,120.4,289,10-K,False,45,
../downolad_files\data/nasdaq_annual_reports/Intellia-Therapeutics-Inc/NASDAQ_NTLA_2018.pdf,ok,111.5,278,10-K,False,22,
../downolad_files\data/nasdaq_annual_reports/Intellia-Therapeutics-Inc/NASDAQ_NTLA_2019.pdf,ok,121.3,310,10-K,False,22,
../downolad_files\data/nasdaq_annual_reports/Intersect-ENT-Inc/NASDAQ_XENT_2018.pdf,ok,23.1,133,10-K,False,13,
../downolad_files\data/nasdaq_annual_reports/Intersect-ENT-Inc/NASDAQ_XENT_2015.pdf,ok,29.4,133,10-K,False,13,
../downolad_files\data/nasdaq_annual_reports/Intellia-Therapeutics-Inc/NASDAQ_NTLA_2020.pdf,ok,59.3,250,10-K,False,14,
../downolad_files\data/nasdaq_annual_reports/Intersect-ENT-Inc/NASDAQ_XENT_2017.pdf,ok,34.3,129,10-K,False,15,
../downolad_files\data/nasdaq_annual_reports/Intersect-ENT-Inc/NASDAQ_XENT_2019.pdf,ok,25.2,141,10-K,False,15,
../downolad_files\data/nasdaq_annual_reports/Intellia-Therapeutics-Inc/NASDAQ_NTLA_2021.pdf,ok,64.3,273,10-K,False,14,
../downolad_files\data/nasdaq_annual_reports/Intersect-ENT-Inc/NASDAQ_XENT_2020.pdf,ok,30.4,11,,,0,
../downolad_files\data/nasdaq_annual_reports/Intra-Cellular-therapies-Inc/NASDAQ_ITCI_2016.pdf,ok,31.8,222,10-K,False,25,
../downolad_files\data/nasdaq_annual_reports/Intra-Cellular-therapies-Inc/NASDAQ_ITCI_2017.pdf,ok,72.0,222,10-K,False,24,
../downolad_files\data/nasdaq_annual_reports/Intra-Cellular-therapies-Inc/NASDAQ_ITCI_2020.pdf,ok,65.3,217,10-K,False,26,
../downolad_files\data/nasdaq_annual_reports/Intra-Cellular-therapies-Inc/NASDAQ_ITCI_2018.pdf,ok,71.8,224,10-K,False,25,
../downolad_files\data/nasdaq_annual_reports/Investors-Bancorp-Inc/NASDAQ_ISBC_2016.pdf,ok,49.9,317,10-K,False,77,
../downolad_files\data/nasdaq_annual_reports/Intra-Cellular-therapies-Inc/NASDAQ_ITCI_2019.pdf,ok,72.8,251,10-K,False,23,
../downolad_files\data/nasdaq_annual_reports/Investors-Bancorp-Inc/NASDAQ_ISBC_2017.pdf,ok,54.2,319,10-K,False,80,
../downolad_files\data/nasdaq_annual_reports/Microstrategy/NASDAQ_MSTR_2016.pdf,ok,25.0,166,10-K,False,43,
../downolad_files\data/nasdaq_annual_reports/Microstrategy/NASDAQ_MSTR_2017.pdf,ok,28.4,174,10-K,False,36,
../downolad_files\data/nasdaq_annual_reports/Microstrategy/NASDAQ_MSTR_2018.pdf,ok,28.7,141,10-K,False,40,
../downolad_files\data/nasdaq_annual_reports/Investors-Bancorp-Inc/NASDAQ_ISBC_2018.pdf,ok,50.8,325,10-K,False,78,
../downolad_files\data/nasdaq_annual_reports/Microstrategy/NASDAQ_MSTR_2019.pdf,ok,26.8,137,10-K,False,39,
../downolad_files\data/nasdaq_annual_reports/Investors-Bancorp-Inc/NASDAQ_ISBC_2020.pdf,ok,54.9,265,10-K,False,91,
../downolad_files\data/nasdaq_annual_reports/Monolithic-Power-Systems-Inc/NASDAQ_MPWR_2016.pdf,ok,21.9,141,10-K,False,38,
../downolad_files\data/nasdaq_annual_reports/Investors-Bancorp-Inc/NASDAQ_ISBC_2019.pdf,ok,58.6,222,10-K,False,66,
../downolad_files\data/nasdaq_annual_reports/Monolithic-Power-Systems-Inc/NASDAQ_MPWR_2020.pdf,ok,28.1,149,10-K,False,37,
../downolad_files\data/nasdaq_annual_reports/Monolithic-Power-Systems-Inc/NASDAQ_MPWR_2019.pdf,ok,30.2,142,10-K,False,40,
../downolad_files\data/nasdaq_annual_reports/Microstrategy/NASDAQ_MSTR_2020.pdf,ok,52.1,167,10-K,True,24,
../downolad_files\data/nasdaq_annual_reports/Norwegian-Cruise-Line-Holdings-Ltd/NASDAQ_NCLH_2016.pdf,ok,39.8,188,10-K,False,53,
../downolad_files\data/nasdaq_annual_reports/Monolithic-Power-Systems-Inc/NASDAQ_MPWR_2017_9c9f88a34a1a4e3e91288a498c765e7c.pdf,ok,53.3,156,10-K,False,41,
../downolad_files\data/nasdaq_annual_reports/Paratek-Pharmaceuticals/NASDAQ_PRTK_2015.pdf,ok,1.3,4,,,1,
../downolad_files\data/nasdaq_annual_reports/Monolithic-Power-Systems-Inc/NASDAQ_MPWR_2018.pdf,ok,52.7,151,10-K,False,41,
../downolad_files\data/nasdaq_annual_reports/Norwegian-Cruise-Line-Holdings-Ltd/NASDAQ_NCLH_2018.pdf,ok,21.7,176,10-K,False,51,
../downolad_files\data/nasdaq_annual_reports/Norwegian-Cruise-Line-Holdings-Ltd/NASDAQ_NCLH_2017.pdf,ok,26.8,173,10-K,False,48,
../downolad_files\data/nasdaq_annual_reports/Norwegian-Cruise-Line-Holdings-Ltd/NASDAQ_NCLH_2019.pdf,ok,37.8,177,10-K,False,53,
../downolad_files\data/nasdaq_annual_reports/Norwegian-Cruise-Line-Holdings-Ltd/NASDAQ_NCLH_2020.pdf,ok,43.8,229,10-K,False,48,
../downolad_files\data/nasdaq_annual_reports/Paratek-Pharmaceuticals/NASDAQ_PRTK_2018.pdf,ok,81.3,289,10-K,False,35,
../downolad_files\data/nasdaq_annual_reports/Paratek-Pharmaceuticals/NASDAQ_PRTK_2019.pdf,ok,95.4,375,10-K,False,33,
../downolad_files\data/nasdaq_annual_reports/Paratek-Pharmaceuticals/NASDAQ_PRTK_2017.pdf,ok,117.7,365,10-K,False,41,
../downolad_files\data/nasdaq_annual_reports/T2-biosystems/NASDAQ_TTOO_2018.pdf,ok,54.8,35,10-K,False,1,
../downolad_files\data/nasdaq_annual_reports/Tile-shop-holdings/NASDAQ_TTS_2018.pdf,ok,57.9,153,10-K,False,45,
../downolad_files\data/nasdaq_annual_reports/T2-biosystems/NASDAQ_TTOO_2019.pdf,ok,100.6,311,10-K,False,46,
../downolad_files\data/nasdaq_annual_reports/Paratek-Pharmaceuticals/NASDAQ_PRTK_2016.pdf,ok,224.8,692,10-K,False,51,
../downolad_files\data/nasdaq_annual_reports/T2-biosystems/NASDAQ_TTOO_2016.pdf,ok,206.7,610,10-K,True,38,
../downolad_files\data/nasdaq_annual_reports/T2-biosystems/NASDAQ_TTOO_2020.pdf,ok,111.1,320,10-K,False,49,
../downolad_files\data/nasdaq_annual_reports/Tile-shop-holdings/NASDAQ_TTS_2019.pdf,ok,38.6,127,10-K,False,35,
../downolad_files\data/nasdaq_annual_reports/Tile-shop-holdings/NASDAQ_TTS_2020.pdf,ok,35.7,193,10-K,False,46,
../downolad_files\data/nasdaq_annual_reports/Tile-shop-holdings/NASDAQ_TTS_2021.pdf,ok,15.4,128,10-K,False,25,
../downolad_files\data/nasdaq_annual_reports/T2-biosystems/NASDAQ_TTOO_2017.pdf,ok,209.6,641,10-K,False,40,
../downolad_files\data/nasdaq_annual_reports/aaon-inc/NASDAQ_AAON_2019.pdf,ok,20.5,120,,,42,
../downolad_files\data/nasdaq_annual_reports/a-mark-precious-metals/NASDAQ_AMRK_2020.pdf,ok,51.1,189,10-K,False,55,
../downolad_files\data/nasdaq_annual_reports/aaon-inc/NASDAQ_AAON_2020.pdf,ok,24.1,107,10-K,False,32,
../downolad_files\data/nasdaq_annual_reports/aaon-inc/NASDAQ_AAON_2022.pdf,ok,19.7,144,10-K,False,33,
../downolad_files\data/nasdaq_annual_reports/aaon-inc/NASDAQ_AAON_2021.pdf,ok,22.5,136,10-K,False,32,
../downolad_files\data/nasdaq_annual_reports/a-mark-precious-metals/NASDAQ_AMRK_2021.pdf,ok,84.3,215,10-K,False,59,
../downolad_files\data/nasdaq_annual_reports/a-mark-precious-metals/NASDAQ_AMRK_2019.pdf,ok,91.0,177,10-K,False,55,
../downolad_files\data/nasdaq_annual_reports/a-mark-precious-metals/NASDAQ_AMRK_2018.pdf,ok,100.5,175,10-K,False,55,
../downolad_files\data/nasdaq_annual_reports/a-mark-precious-metals/NASDAQ_AMRK_2017.pdf,ok,104.7,180,10-K,False,47,
../downolad_files\data/nasdaq_annual_reports/abeona-therapeutics-inc/NASDAQ_ABEO_2019.pdf,ok,54.1,180,10-K,False,29,
../downolad_files\data/nasdaq_annual_reports/abeona-therapeutics-inc/NASDAQ_ABEO_2020.pdf,ok,57.9,199,10-K,False,18,
../downolad_files\data/nasdaq_annual_reports/abiomed-inc/NASDAQ_ABMD_2019.pdf,ok,40.6,147,10-K,False,19,
../downolad_files\data/nasdaq_annual_reports/abiomed-inc/NASDAQ_ABMD_2020.pdf,ok,28.9,159,10-K,False,18,
../downolad_files\data/nasdaq_annual_reports/abeona-therapeutics-inc/NASDAQ_ABEO_2022.pdf,ok,69.8,231,10-K,False,21,
../downolad_files\data/nasdaq_annual_reports/abiomed-inc/NASDAQ_ABMD_2021.pdf,ok,35.5,180,10-K,False,30,
../downolad_files\data/nasdaq_annual_reports/abiomed-inc/NASDAQ_ABMD_2018.pdf,ok,76.6,149,10-K,False,20,
../downolad_files\data/nasdaq_annual_reports/abeona-therapeutics-inc/NASDAQ_ABEO_2021.pdf,ok,84.9,293,10-K,False,34,
../downolad_files\data/nasdaq_annual_reports/abraxas-petroleum-corp-1/NASDAQ_AXAS_2017.pdf,ok,29.4,164,10-K,False,30,
../downolad_files\data/nasdaq_annual_reports/abraxas-petroleum-corp-1/NASDAQ_AXAS_2018.pdf,ok,32.9,168,10-K,False,28,
../downolad_files\data/nasdaq_annual_reports/abraxas-petroleum-corp-1/NASDAQ_AXAS_2021.pdf,ok,25.6,162,10-K,False,17,
../downolad_files\data/nasdaq_annual_reports/ac-immune/NASDAQ_ACIU_2022.pdf,ok,22.8,137,,,38,
../downolad_files\data/nasdaq_annual_reports/ac-immune/NASDAQ_ACIU_2021.pdf,ok,27.7,100,,,36,
../downolad_files\data/nasdaq_annual_reports/abraxas-petroleum-corp-1/NASDAQ_AXAS_2016.pdf,ok,85.6,193,10-K,False,49,
../downolad_files\data/nasdaq_annual_reports/acacia-communications-inc/NASDAQ_ACIA%20_2017.pdf,ok,19.2,189,10-K,False,40,
../downolad_files\data/nasdaq_annual_reports/acacia-communications-inc/NASDAQ_ACIA%20_2016.pdf,ok,49.0,175,10-K,,38,
../downolad_files\data/nasdaq_annual_reports/ac-immune/NASDAQ_ACIU_2019.pdf,ok,116.4,367,20-F,False,38,
../downolad_files\data/nasdaq_annual_reports/acacia-communications-inc/NASDAQ_ACIA_2019.pdf,ok,96.1,214,10-K,False,35,
../downolad_files\data/nasdaq_annual_reports/acacia-research-corporation/NASDAQ_ACTG_2020.pdf,ok,57.1,149,10-K,,32,
../downolad_files\data/nasdaq_annual_reports/ac-immune/NASDAQ_ACIU_2020.pdf,ok,140.3,430,20-F,False,36,
../downolad_files\data/nasdaq_annual_reports/ac-immune/NASDAQ_ACIU_2018.pdf,ok,163.2,490,20-F,False,45,
../downolad_files\data/nasdaq_annual_reports/acacia-research-corporation/NASDAQ_ACTG_2019.pdf,ok,105.7,237,10-K,,29,
../downolad_files\data/nasdaq_annual_reports/acacia-research-corporation/NASDAQ_ACTG_2021.pdf,ok,79.1,179,10-K,,42,
../downolad_files\data/nasdaq_annual_reports/acadia-healthcare-co/NASDAQ_ACHC_2019.pdf,ok,51.2,226,10-K,False,70,
../downolad_files\data/nasdaq_annual_reports/acadia-healthcare-co/NASDAQ_ACHC_2021.pdf,ok,44.4,189,10-K,False,59,
../downolad_files\data/nasdaq_annual_reports/acadia-healthcare-co/NASDAQ_ACHC_2022.pdf,ok,39.6,180,10-K,False,54,
../downolad_files\data/nasdaq_annual_reports/acacia-research-corporation/NASDAQ_ACTG_2022.pdf,ok,89.9,227,10-K,,41,
../downolad_files\data/nasdaq_annual_reports/acadia-pharmaceuticals/NASDAQ_ACAD_2018.pdf,ok,40.4,173,10-K,False,14,
../downolad_files\data/nasdaq_annual_reports/acadia-pharmaceuticals/NASDAQ_ACAD_2019.pdf,ok,35.3,198,10-K,False,29,
../downolad_files\data/nasdaq_annual_reports/acadia-pharmaceuticals/NASDAQ_ACAD_2020.pdf,ok,33.1,224,10-K,False,27,
../downolad_files\data/nasdaq_annual_reports/acadia-healthcare-co/NASDAQ_ACHC_2020.pdf,ok,89.9,33,,,3,
../downolad_files\data/nasdaq_annual_reports/acceleron-pharma-inc/NASDAQ_XLRN_2017.pdf,ok,47.6,11,,,0,
../downolad_files\data/nasdaq_annual_reports/accelerate-diagnostics-inc/NASDAQ_AXDX_2020.pdf,ok,59.1,174,10-K,False,31,
../downolad_files\data/nasdaq_annual_reports/accelerate-diagnostics-inc/NASDAQ_AXDX_2019.pdf,ok,72.1,203,10-K,False,27,
../downolad_files\data/nasdaq_annual_reports/accelerate-diagnostics-inc/NASDAQ_AXDX_2021.pdf,ok,75.3,200,10-K,False,36,
../downolad_files\data/nasdaq_annual_reports/acadia-pharmaceuticals/NASDAQ_ACAD_2021.pdf,ok,105.1,198,10-K,False,13,
../downolad_files\data/nasdaq_annual_reports/accelerate-diagnostics-inc/NASDAQ_AXDX_2022.pdf,ok,82.4,231,10-K,False,40,
../downolad_files\data/nasdaq_annual_reports/acceleron-pharma-inc/NASDAQ_XLRN_2018.pdf,ok,35.5,210,10-K,False,32,
../downolad_files\data/nasdaq_annual_reports/acceleron-pharma-inc/NASDAQ_XLRN_2019.pdf,ok,48.9,11,,,0,
../downolad_files\data/nasdaq_annual_reports/accuray-incorporated/NASDAQ_ARAY_2019.pdf,ok,37.2,220,10-K,False,46,
../downolad_files\data/nasdaq_annual_reports/acceleron-pharma-inc/NASDAQ_XLRN_2020.pdf,ok,46.4,11,,,0,
../downolad_files\data/nasdaq_annual_reports/accuray-incorporated/NASDAQ_ARAY_2020.pdf,ok,51.1,247,10-K,False,45,
../downolad_files\data/nasdaq_annual_reports/accuray-incorporated/NASDAQ_ARAY_2021.pdf,ok,61.4,275,10-K,False,52,
../downolad_files\data/nasdaq_annual_reports/acelrx-pharmaceuticals/NASDAQ_ACRX_2019.pdf,ok,73.5,255,10-K,False,30,
../downolad_files\data/nasdaq_annual_reports/acelrx-pharmaceuticals/NASDAQ_ACRX_2017.pdf,ok,87.9,262,10-K,False,34,
../downolad_files\data/nasdaq_annual_reports/acelrx-pharmaceuticals/NASDAQ_ACRX_2020.pdf,ok,76.7,249,10-K,False,29,
../downolad_files\data/nasdaq_annual_reports/acelrx-pharmaceuticals/NASDAQ_ACRX_2018.pdf,ok,95.6,289,10-K,False,42,
../downolad_files\data/nasdaq_annual_reports/acelrx-pharmaceuticals/NASDAQ_ACRX_2021.pdf,ok,81.5,270,10-K,False,29,
../downolad_files\data/nasdaq_annual_reports/accuray-incorporated/NASDAQ_ARAY_2022.pdf,ok,141.6,448,10-K,False,52,
../downolad_files\data/nasdaq_annual_reports/aceto-corp/NASDAQ_ACET_2015.pdf,ok,22.6,164,,False,61,
../downolad_files\data/nasdaq_annual_reports/aceto-corp/NASDAQ_ACET_2016.pdf,ok,26.7,171,,False,48,
../downolad_files\data/nasdaq_annual_reports/acer-therapeutics-inc/NASDAQ_ACER_2019.pdf,ok,80.5,296,10-K,False,24,
../downolad_files\data/nasdaq_annual_reports/acer-therapeutics-inc/NASDAQ_ACER_2020.pdf,ok,77.4,284,10-K,False,26,
../downolad_files\data/nasdaq_annual_reports/acer-therapeutics-inc/NASDAQ_ACER_2021.pdf,ok,86.1,299,10-K,False,27,
../downolad_files\data/nasdaq_annual_reports/acer-therapeutics-inc/NASDAQ_ACER_2022.pdf,ok,95.8,335,10-K,False,28,
../downolad_files\data/nasdaq_annual_reports/aceto-corp/NASDAQ_ACET_2017.pdf,ok,61.5,194,,False,55,
../downolad_files\data/nasdaq_annual_reports/aceto-corp/NASDAQ_ACET_2018.pdf,ok,71.1,233,,False,61,
../downolad_files\data/nasdaq_annual_reports/achillion-pharmaceuticals-inc/NASDAQ_ACHN_2015.pdf,ok,31.4,186,10-K,False,14,
../downolad_files\data/nasdaq_annual_reports/achieve-life-sciences-inc/NASDAQ_ACHV_2017.pdf,ok,97.7,311,,,35,
../downolad_files\data/nasdaq_annual_reports/achieve-life-sciences-inc/NASDAQ_ACHV_2019.pdf,ok,73.2,208,,,37,
../downolad_files\data/nasdaq_annual_reports/achieve-life-sciences-inc/NASDAQ_ACHV_2018.pdf,ok,95.8,279,,,36,
../downolad_files\data/nasdaq_annual_reports/achieve-life-sciences-inc/NASDAQ_ACHV_2020.pdf,ok,76.5,186,,,30,
../downolad_files\data/nasdaq_annual_reports/achieve-life-sciences-inc/NASDAQ_ACHV_2021.pdf,ok,81.1,207,,,29,
../downolad_files\data/nasdaq_annual_reports/aci-worldwide-inc/NASDAQ_ACIW_2019.pdf,ok,32.8,160,10-K,False,42,
../downolad_files\data/nasdaq_annual_reports/achillion-pharmaceuticals-inc/NASDAQ_ACHN_2018.pdf,ok,37.2,211,10-K,False,15,
../downolad_files\data/nasdaq_annual_reports/aci-worldwide-inc/NASDAQ_ACIW_2021.pdf,ok,21.0,134,10-K,False,22,
../downolad_files\data/nasdaq_annual_reports/aci-worldwide-inc/NASDAQ_ACIW_2020.pdf,ok,43.6,148,10-K,False,25,
../downolad_files\data/nasdaq_annual_reports/aci-worldwide-inc/NASDAQ_ACIW_2022.pdf,ok,26.0,133,10-K,False,22,
../downolad_files\data/nasdaq_annual_reports/achillion-pharmaceuticals-inc/NASDAQ_ACHN_2017.pdf,ok,63.9,203,10-K,False,14,
../downolad_files\data/nasdaq_annual_reports/achillion-pharmaceuticals-inc/NASDAQ_ACHN_2016.pdf,ok,69.7,196,10-K,False,14,
../downolad_files\data/nasdaq_annual_reports/acm-research-inc/NASDAQ_ACMR_2017.pdf,ok,29.7,210,10-K,False,32,
../downolad_files\data/nasdaq_annual_reports/acm-research-inc/NASDAQ_ACMR_2018.pdf,ok,20.6,180,10-K,False,28,
../downolad_files\data/nasdaq_annual_reports/aclaris-therapeutics-inc/NASDAQ_ACRS_2017.pdf,ok,79.6,242,10-K,,34,
../downolad_files\data/nasdaq_annual_reports/aclaris-therapeutics-inc/NASDAQ_ACRS_2020.pdf,ok,92.8,276,10-K,,31,
../downolad_files\data/nasdaq_annual_reports/acm-research-inc/NASDAQ_ACMR_2019.pdf,ok,38.8,200,,False,25,
../downolad_files\data/nasdaq_annual_reports/aclaris-therapeutics-inc/NASDAQ_ACRS_2019.pdf,ok,96.3,283,10-K,,31,
../downolad_files\data/nasdaq_annual_reports/acnb-corporation/NASDAQ_ACNB_2017.PDF,ok,4.5,16,,,4,
../downolad_files\data/nasdaq_annual_reports/acnb-corporation/NASDAQ_ACNB_2018.PDF,ok,6.1,16,,,4,
../downolad_files\data/nasdaq_annual_reports/acnb-corporation/NASDAQ_ACNB_2019.pdf,ok,7.8,16,,,4,
../downolad_files\data/nasdaq_annual_reports/aclaris-therapeutics-inc/NASDAQ_ACRS_2021.pdf,ok,101.5,305,10-K,,29,
../downolad_files\data/nasdaq_annual_reports/acnb-corporation/NASDAQ_ACNB_2020.pdf,ok,9.5,17,,,4,
../downolad_files\data/nasdaq_annual_reports/acorda-therapeutics-inc/NASDAQ_ACOR_2019.pdf,ok,4.3,8,,,0,
../downolad_files\data/nasdaq_annual_reports/acorda-therapeutics-inc/NASDAQ_ACOR_2021.pdf,ok,0.0,1,,,0,
../downolad_files\data/nasdaq_annual_reports/acorda-therapeutics-inc/NASDAQ_ACOR_2020.pdf,ok,1.0,4,,,0,
../downolad_files\data/nasdaq_annual_reports/aclaris-therapeutics-inc/NASDAQ_ACRS_2018.pdf,ok,133.6,411,10-K,,33,
../downolad_files\data/nasdaq_annual_reports/acm-research-inc/NASDAQ_ACMR_2020.pdf,ok,70.9,243,10-K,False,40,
../downolad_files\data/nasdaq_annual_reports/acm-research-inc/NASDAQ_ACMR_2021.pdf,ok,35.8,255,10-K,False,51,
../downolad_files\data/nasdaq_annual_reports/acnb-corporation/NASDAQ_ACNB_2021.pdf,ok,36.5,213,10-K,False,56,
../downolad_files\data/nasdaq_annual_reports/activision-blizzard-inc/NASDAQ_ATVI_2019.pdf,ok,61.6,439,,True,78,
../downolad_files\data/nasdaq_annual_reports/activision-blizzard-inc/NASDAQ_ATVI_2022.pdf,ok,45.4,219,,,61,
../downolad_files\data/nasdaq_annual_reports/activision-blizzard-inc/NASDAQ_ATVI_2021.pdf,ok,48.5,273,10-K,True,65,
../downolad_files\data/nasdaq_annual_reports/acura-pharmaceuticals-inc/NASDAQ_ACUR_2020.pdf,ok,56.8,177,10-K,False,24,
../downolad_files\data/nasdaq_annual_reports/acura-pharmaceuticals-inc/NASDAQ_ACUR_2017.pdf,ok,94.2,318,10-K,False,39,
../downolad_files\data/nasdaq_annual_reports/acorda-therapeutics-inc/NASDAQ_ACOR_2022.pdf,ok,134.5,461,10-K,False,38,
../downolad_files\data/nasdaq_annual_reports/acxiom-corporation/NASDAQ_ACXM_2014.pdf,ok,20.7,149,10-K,False,37,
../downolad_files\data/nasdaq_annual_reports/acxiom-corporation/NASDAQ_ACXM_2015.pdf,ok,25.2,159,10-K,False,50,
../downolad_files\data/nasdaq_annual_reports/acura-pharmaceuticals-inc/NASDAQ_ACUR_2018.pdf,ok,89.9,266,10-K,False,40,
../downolad_files\data/nasdaq_annual_reports/acura-pharmaceuticals-inc/NASDAQ_ACUR_2019.pdf,ok,93.3,303,10-K,False,34,
../downolad_files\data/nasdaq_annual_reports/acxiom-corporation/NASDAQ_ACXM_2016.pdf,ok,31.2,159,10-K,True,39,
../downolad_files\data/nasdaq_annual_reports/acxiom-corporation/NASDAQ_ACXM_2018.pdf,ok,19.6,159,10-K,False,51,
../downolad_files\data/nasdaq_annual_reports/acxiom-corporation/NASDAQ_ACXM_2017.pdf,ok,34.0,164,10-K,False,50,
../downolad_files\data/nasdaq_annual_reports/adamas-pharmaceuticals-inc/NASDAQ_ADMS_2015.pdf,ok,27.5,188,10-K,False,24,
../downolad_files\data/nasdaq_annual_reports/adamas-pharmaceuticals-inc/NASDAQ_ADMS_2016.pdf,ok,28.5,187,10-K,False,28,
../downolad_files\data/nasdaq_annual_reports/adamas-pharmaceuticals-inc/NASDAQ_ADMS_2018.pdf,ok,26.1,197,10-K,False,26,
../downolad_files\data/nasdaq_annual_reports/adamas-pharmaceuticals-inc/NASDAQ_ADMS_2017.PDF,ok,32.8,207,10-K,False,31,
../downolad_files\data/nasdaq_annual_reports/adamas-pharmaceuticals-inc/NASDAQ_ADMS_2019.pdf,ok,29.1,180,10-K,False,29,
../downolad_files\data/nasdaq_annual_reports/adamis-pharmaceuticals-corp/NASDAQ_ADMP_2019.pdf,ok,73.3,242,10-K,False,25,
../downolad_files\data/nasdaq_annual_reports/activision-blizzard-inc/NASDAQ_ATVI_2020.pdf,ok,247.7,240,,,52,
../downolad_files\data/nasdaq_annual_reports/adamis-pharmaceuticals-corp/NASDAQ_ADMP_2021.pdf,ok,64.9,250,10-K,False,27,
../downolad_files\data/nasdaq_annual_reports/adapthealth-corp/NASDAQ_AHCO_2018.pdf,ok,56.0,182,10-K,True,5,
../downolad_files\data/nasdaq_annual_reports/adamis-pharmaceuticals-corp/NASDAQ_ADMP_2020.pdf,ok,87.5,311,10-K,False,35,
../downolad_files\data/nasdaq_annual_reports/adamis-pharmaceuticals-corp/NASDAQ_ADMP_2022.pdf,ok,75.1,219,10-K,False,25,
../downolad_files\data/nasdaq_annual_reports/adaptimmune-therapeutics/NASDAQ_ADAP_2017.pdf,ok,30.9,116,,,26,
../downolad_files\data/nasdaq_annual_reports/adaptimmune-therapeutics/NASDAQ_ADAP_2018.pdf,ok,25.5,119,,,36,
../downolad_files\data/nasdaq_annual_reports/adapthealth-corp/NASDAQ_AHCO_2020.pdf,ok,86.5,246,10-K,False,53,
../downolad_files\data/nasdaq_annual_reports/adapthealth-corp/NASDAQ_AHCO_2019.pdf,ok,92.9,300,10-K,False,37,
../downolad_files\data/nasdaq_annual_reports/adapthealth-corp/NASDAQ_AHCO_2021.pdf,ok,86.6,281,10-K,False,73,
../downolad_files\data/nasdaq_annual_reports/adaptimmune-therapeutics/NASDAQ_ADAP_2019.pdf,ok,148.1,590,10-K,False,38,
../downolad_files/data/nasdaq_annual_reports/acacia-communications-inc/NASDAQ_ACIA%20_2018.pdf,preflagged_error,,,,,,Unexpected EOF
../downolad_files/data/nasdaq_annual_reports/citizens-holding-company/NASDAQ_CIZN_2020.pdf,preflagged_error,,,,,,Unexpected EOF
../downolad_files/data/nasdaq_annual_reports/clearside-biomedical-inc/NASDAQ_CLSD_2019.pdf,preflagged_error,,,,,,Unexpected EOF
../downolad_files/data/nasdaq_annual_reports/copart/NASDAQ_CPRT_2020.pdf,preflagged_error,,,,,,Unexpected EOF
../downolad_files/data/nasdaq_annual_reports/crispr-therapeutics-ag/NASDAQ_CRSP_2016.pdf,preflagged_error,,,,,,Unexpected EOF
../downolad_files/data/nasdaq_annual_reports/cvb-financial-corp/NASDAQ_CVBF_2020.pdf,preflagged_error,,,,,,Unexpected EOF
../downolad_files/data/nasdaq_annual_reports/cvb-financial-corp/NASDAQ_CVBF_2021.pdf,preflagged_error,,,,,,Unexpected EOF
../downolad_files/data/nasdaq_annual_reports/cyanotech-corporation/NASDAQ_CYAN_2018.pdf,preflagged_error,,,,,,Unexpected EOF
../downolad_files/data/nasdaq_annual_reports/cyanotech-corporation/NASDAQ_CYAN_2020.pdf,preflagged_error,,,,,,Unexpected EOF
../downolad_files/data/nasdaq_annual_reports/cyanotech-corporation/NASDAQ_CYAN_2021.pdf,preflagged_error,,,,,,Unexpected EOF
../downolad_files/data/nasdaq_annual_reports/cypress-semiconductor-corporation/NASDAQ_CY_2017.pdf,preflagged_error,,,,,,Unexpected EOF
../downolad_files/data/nasdaq_annual_reports/cypress-semiconductor-corporation/NASDAQ_CY_2018.pdf,preflagged_error,,,,,,Unexpected EOF
../downolad_files/data/nasdaq_annual_reports/cyren-ltd/NASDAQ_CYRN_2016.pdf,preflagged_error,,,,,,Unexpected EOF
../downolad_files/data/nasdaq_annual_reports/cyrusone-inc/NASDAQ_CONE_2018.pdf,preflagged_error,,,,,,Unexpected EOF
../downolad_files/data/nasdaq_annual_reports/cyrusone-inc/NASDAQ_CONE_2019.pdf,preflagged_error,,,,,,Unexpected EOF
../downolad_files/data/nasdaq_annual_reports/cytokinetics/NASDAQ_CYTK_2019.pdf,preflagged_error,,,,,,Unexpected EOF
../downolad_files/data/nasdaq_annual_reports/cytomx-therapeutics-inc/NASDAQ_CTMX_2018.pdf,preflagged_error,,,,,,Unexpected EOF
../downolad_files/data/nasdaq_annual_reports/cytomx-therapeutics-inc/NASDAQ_CTMX_2020.pdf,preflagged_error,,,,,,Unexpected EOF
../downolad_files/data/nasdaq_annual_reports/cytomx-therapeutics-inc/NASDAQ_CTMX_2021.pdf,preflagged_error,,,,,,Unexpected EOF
../downolad_files/data/nasdaq_annual_reports/cytori-therapeutics/NASDAQ_CYTX_2016.pdf,preflagged_error,,,,,,Unexpected EOF
../downolad_files/data/nasdaq_annual_reports/cytori-therapeutics/NASDAQ_CYTX_2017.pdf,preflagged_error,,,,,,Unexpected EOF
../downolad_files/data/nasdaq_annual_reports/cytosorbents-corp/NASDAQ_CTSO_2018.pdf,preflagged_error,,,,,,Unexpected EOF
../downolad_files/data/nasdaq_annual_reports/cytosorbents-corp/NASDAQ_CTSO_2021.pdf,preflagged_error,,,,,,Unexpected EOF
../downolad_files/data/nasdaq_annual_reports/cytrx-corporation/NASDAQ_CYTR_2020.pdf,preflagged_error,,,,,,Unexpected EOF
../downolad_files/data/nasdaq_annual_reports/cytrx-corporation/NASDAQ_CYTR_2021.pdf,preflagged_error,,,,,,Unexpected EOF
../downolad_files/data/nasdaq_annual_reports/daktronics-inc/NASDAQ_DAKT_2018.PDF,preflagged_error,,,,,,Unexpected EOF
../downolad_files/data/nasdaq_annual_reports/daktronics-inc/NASDAQ_DAKT_2019.pdf,preflagged_error,,,,,,Unexpected EOF
../downolad_files/data/nasdaq_annual_reports/daktronics-inc/NASDAQ_DAKT_2020.pdf,preflagged_error,,,,,,Unexpected EOF
../downolad_files/data/nasdaq_annual_reports/daktronics-inc/NASDAQ_DAKT_2021.pdf,preflagged_error,,,,,,Unexpected EOF
../downolad_files/data/nasdaq_annual_reports/dare-bioscience-inc/NASDAQ_DARE_2018.pdf,preflagged_error,,,,,,Unexpected EOF
../downolad_files/data/nasdaq_annual_reports/dare-bioscience-inc/NASDAQ_DARE_2019.pdf,preflagged_error,,,,,,Unexpected EOF
../downolad_files/data/nasdaq_annual_reports/dare-bioscience-inc/NASDAQ_DARE_2020.pdf,preflagged_error,,,,,,Unexpected EOF
../downolad_files/data/nasdaq_annual_reports/dare-bioscience-inc/NASDAQ_DARE_2021.pdf,preflagged_error,,,,,,Unexpected EOF
../downolad_files/data/nasdaq_annual_reports/dentsply-sirona-inc/NASDAQ_XRAY_2018.pdf,preflagged_error,,,,,,unpack requires a buffer of 12 bytes
../downolad_files/data/nasdaq_annual_reports/cardtronics-inc/NASDAQ_CATM_2019.pdf,ok,45.0,249,10-K,False,67,
../downolad_files/data/nasdaq_annual_reports/cardtronics-inc/NASDAQ_CATM_2016.pdf,ok,54.0,300,10-K,False,64,
../downolad_files/data/nasdaq_annual_reports/cardlytics-inc/NASDAQ_CDLX_2019.pdf,ok,56.1,212,10-K,False,46,
../downolad_files/data/nasdaq_annual_reports/cardlytics-inc/NASDAQ_CDLX_2020.pdf,ok,59.2,218,10-K,False,37,
../downolad_files/data/nasdaq_annual_reports/carecoud-inc/NASDAQ_MTBC_2017.pdf,ok,53.7,155,10-K,True,45,
../downolad_files/data/nasdaq_annual_reports/carecoud-inc/NASDAQ_MTBC_2016.pdf,ok,61.3,175,10-K,True,44,
../downolad_files/data/nasdaq_annual_reports/carecoud-inc/NASDAQ_MTBC_2018.pdf,ok,57.9,163,10-K,True,44,
../downolad_files/data/nasdaq_annual_reports/caredx-inc/NASDAQ_CDNA_2018.pdf,ok,30.3,240,10-K,False,49,
../downolad_files/data/nasdaq_annual_reports/caredx-inc/NASDAQ_CDNA_2019.pdf,ok,25.4,217,10-K,False,35,
../downolad_files/data/nasdaq_annual_reports/caredx-inc/NASDAQ_CDNA_2020.PDF,ok,37.2,239,10-K,False,29,
../downolad_files/data/nasdaq_annual_reports/cardtronics-inc/NASDAQ_CATM_2017.pdf,ok,177.8,517,10-K,False,70,
../downolad_files/data/nasdaq_annual_reports/caredx-inc/NASDAQ_CDNA_2021.pdf,ok,37.0,246,10-K,False,29,
../downolad_files/data/nasdaq_annual_reports/carecoud-inc/NASDAQ_MTBC_2019.pdf,ok,75.9,213,10-K,True,42,
../downolad_files/data/nasdaq_annual_reports/cargurus/NASDAQ_CARG_2018.pdf,ok,23.1,181,10-K,False,39,
../downolad_files/data/nasdaq_annual_reports/carecoud-inc/NASDAQ_MTBC_2020.pdf,ok,69.4,198,10-K,True,43,
../downolad_files/data/nasdaq_annual_reports/caretrust-reit-inc/NASDAQ_CTRE_2020.pdf,ok,63.8,202,10-K,False,51,
../downolad_files/data/nasdaq_annual_reports/cargurus/NASDAQ_CARG_2019.pdf,ok,33.8,204,10-K,False,43,
../downolad_files/data/nasdaq_annual_reports/caretrust-reit-inc/NASDAQ_CTRE_2018.pdf,ok,120.9,186,10-K,False,52,
../downolad_files/data/nasdaq_annual_reports/cargurus/NASDAQ_CARG_2020.pdf,ok,29.9,196,10-K,False,30,
../downolad_files/data/nasdaq_annual_reports/caretrust-reit-inc/NASDAQ_CTRE_2019.pdf,ok,136.2,221,10-K,False,56,
../downolad_files/data/nasdaq_annual_reports/cardtronics-inc/NASDAQ_CATM_2018.pdf,ok,285.1,749,10-K,False,80,
../downolad_files/data/nasdaq_annual_reports/caretrust-reit-inc/NASDAQ_CTRE_2021.pdf,ok,55.1,182,10-K,False,51,
../downolad_files/data/nasdaq_annual_reports/carrols-restaurant-group-inc/NASDAQ_TAST_2019.pdf,ok,34.8,167,,False,59,
../downolad_files/data/nasdaq_annual_reports/cargurus/NASDAQ_CARG_2021.pdf,ok,52.1,228,10-K,False,32,
../downolad_files/data/nasdaq_annual_reports/carrols-restaurant-group-inc/NASDAQ_TAST_2020.pdf,ok,38.7,194,,False,58,
../downolad_files/data/nasdaq_annual_reports/carrols-restaurant-group-inc/NASDAQ_TAST_2021.pdf,ok,43.0,200,,False,53,
../downolad_files/data/nasdaq_annual_reports/carver-bancorp-inc/NASDAQ_CARV_2017.pdf,ok,27.6,212,10-K,False,72,
../downolad_files/data/nasdaq_annual_reports/carver-bancorp-inc/NASDAQ_CARV_2019.pdf,ok,25.1,198,10-K,False,57,
../downolad_files/data/nasdaq_annual_reports/carver-bancorp-inc/NASDAQ_CARV_2016.pdf,ok,54.1,223,10-K,False,67,
../downolad_files/data/nasdaq_annual_reports/carver-bancorp-inc/NASDAQ_CARV_2018.pdf,ok,32.0,201,10-K,False,59,
../downolad_files/data/nasdaq_annual_reports/carver-bancorp-inc/NASDAQ_CARV_2020.pdf,ok,37.2,237,10-K,False,55,
../downolad_files/data/nasdaq_annual_reports/casa-systems-inc/NASDAQ_CASA_2018.pdf,ok,65.8,221,10-K,False,46,
../downolad_files/data/nasdaq_annual_reports/casella-waste-systems-inc/NASDAQ_CWST_2017.pdf,ok,36.3,236,10-K,False,60,
../downolad_files/data/nasdaq_annual_reports/carrols-restaurant-group-inc/NASDAQ_TAST_2018.pdf,ok,114.1,300,,False,71,
../downolad_files/data/nasdaq_annual_reports/casa-systems-inc/NASDAQ_CASA_2019.pdf,ok,75.7,247,10-K,False,53,
../downolad_files/data/nasdaq_annual_reports/casa-systems-inc/NASDAQ_CASA_2020.pdf,ok,66.1,227,10-K,False,38,
../downolad_files/data/nasdaq_annual_reports/casella-waste-systems-inc/NASDAQ_CWST_2018.pdf,ok,31.1,224,10-K,False,56,
../downolad_files/data/nasdaq_annual_reports/casella-waste-systems-inc/NASDAQ_CWST_2019.pdf,ok,33.5,220,10-K,False,52,
../downolad_files/data/nasdaq_annual_reports/caseys-general-stores-inc/NASDAQ_CASY_2018.pdf,ok,24.1,90,10-K,False,32,
../downolad_files/data/nasdaq_annual_reports/caseys-general-stores-inc/NASDAQ_CASY_2020.pdf,ok,15.3,100,10-K,False,31,
../downolad_files/data/nasdaq_annual_reports/caseys-general-stores-inc/NASDAQ_CASY_2019.pdf,ok,20.8,91,10-K,False,33,
../downolad_files/data/nasdaq_annual_reports/casella-waste-systems-inc/NASDAQ_CWST_2020.pdf,ok,40.9,227,10-K,False,58,
../downolad_files/data/nasdaq_annual_reports/casa-systems-inc/NASDAQ_CASA_2021.pdf,ok,66.4,220,10-K,False,36,
../downolad_files/data/nasdaq_annual_reports/caseys-general-stores-inc/NASDAQ_CASY_2021.pdf,ok,21.4,108,10-K,False,30,
../downolad_files/data/nasdaq_annual_reports/casi-pharmaceuticals-inc/NASDAQ_CASI_2018.pdf,ok,21.6,131,,,21,
../downolad_files/data/nasdaq_annual_reports/casella-waste-systems-inc/NASDAQ_CWST_2021.pdf,ok,31.8,212,10-K,False,57,
../downolad_files/data/nasdaq_annual_reports/casi-pharmaceuticals-inc/NASDAQ_CASI_2019.pdf,ok,26.0,146,10-K,False,21,
../downolad_files/data/nasdaq_annual_reports/cass-information-services-inc/NASDAQ_CASS_2018.pdf,ok,21.5,123,10-K,False,53,
../downolad_files/data/nasdaq_annual_reports/casi-pharmaceuticals-inc/NASDAQ_CASI_2021.pdf,ok,31.6,192,10-K,False,30,
../downolad_files/data/nasdaq_annual_reports/cass-information-services-inc/NASDAQ_CASS_2019.pdf,ok,26.3,123,10-K,False,48,
../downolad_files/data/nasdaq_annual_reports/cass-information-services-inc/NASDAQ_CASS_2020.pdf,ok,22.4,138,10-K,False,48,
../downolad_files/data/nasdaq_annual_reports/cass-information-services-inc/NASDAQ_CASS_2021.pdf,ok,29.7,17,,,0,
../downolad_files/data/nasdaq_annual_reports/cassava-sciences-inc/NASDAQ_SAVA_2018.pdf,ok,30.4,157,10-K,False,8,
../downolad_files/data/nasdaq_annual_reports/cassava-sciences-inc/NASDAQ_SAVA_2020.pdf,ok,35.8,173,10-K,False,19,
../downolad_files/data/nasdaq_annual_reports/casi-pharmaceuticals-inc/NASDAQ_CASI_2020.pdf,ok,71.1,200,10-K,False,28,
../downolad_files/data/nasdaq_annual_reports/castle-biosciences-inc/NASDAQ_CSTL_2019.pdf,ok,36.6,278,10-K,False,45,
../downolad_files/data/nasdaq_annual_reports/castle-biosciences-inc/NASDAQ_CSTL_2020.pdf,ok,45.8,262,10-K,False,24,
../downolad_files/data/nasdaq_annual_reports/castlight-health-inc/NASDAQ_CSLT_2017.pdf,ok,33.1,169,10-K,False,27,
../downolad_files/data/nasdaq_annual_reports/cassava-sciences-inc/NASDAQ_SAVA_2019.pdf,ok,54.9,169,10-K,False,11,
../downolad_files/data/nasdaq_annual_reports/castle-biosciences-inc/NASDAQ_CSTL_2021.pdf,ok,54.4,10,,,1,
../downolad_files/data/nasdaq_annual_reports/castlight-health-inc/NASDAQ_CSLT_2018.pdf,ok,36.3,173,10-K,False,33,
../downolad_files/data/nasdaq_annual_reports/castlight-health-inc/NASDAQ_CSLT_2019.pdf,ok,28.9,174,10-K,False,29,
../downolad_files/data/nasdaq_annual_reports/castlight-health-inc/NASDAQ_CSLT_2020.pdf,ok,26.4,176,10-K,False,23,
../downolad_files/data/nasdaq_annual_reports/castor-maritime-inc/NASDAQ_CTRM_2018.pdf,ok,20.9,67,20-F,False,21,
../downolad_files/data/nasdaq_annual_reports/catabasis-pharmaceuticals-inc/NASDAQ_CATB_2017.pdf,ok,30.6,238,10-K,False,29,
../downolad_files/data/nasdaq_annual_reports/catabasis-pharmaceuticals-inc/NASDAQ_CATB_2018.pdf,ok,29.4,227,10-K,False,22,
../downolad_files/data/nasdaq_annual_reports/catabasis-pharmaceuticals-inc/NASDAQ_CATB_2019.pdf,ok,30.4,234,10-K,False,19,
../downolad_files/data/nasdaq_annual_reports/castor-maritime-inc/NASDAQ_CTRM_2019.pdf,ok,71.0,230,20-F,False,34,
../downolad_files/data/nasdaq_annual_reports/catalyst-biosciences-inc/NASDAQ_CBIO_2016.pdf,ok,72.8,255,10-K,False,32,
../downolad_files/data/nasdaq_annual_reports/catalyst-biosciences-inc/NASDAQ_CBIO_2017.pdf,ok,77.2,225,10-K,False,33,
../downolad_files/data/nasdaq_annual_reports/catabasis-pharmaceuticals-inc/NASDAQ_CATB_2020.pdf,ok,95.4,296,10-K,False,17,
../downolad_files/data/nasdaq_annual_reports/catalyst-pharmaceutical-partners-inc/NASDAQ_CPRX_2018.pdf,ok,41.3,168,10-K,False,17,
../downolad_files/data/nasdaq_annual_reports/catalyst-pharmaceutical-partners-inc/NASDAQ_CPRX_2019.pdf,ok,36.9,188,10-K,False,18,
../downolad_files/data/nasdaq_annual_reports/cathay-general-bancorp/NASDAQ_CATY_2018.pdf,ok,7.4,12,,,2,
../downolad_files/data/nasdaq_annual_reports/cathay-general-bancorp/NASDAQ_CATY_2019.pdf,ok,4.9,13,,,2,
../downolad_files/data/nasdaq_annual_reports/cathay-general-bancorp/NASDAQ_CATY_2020.pdf,ok,3.2,11,,,3,
../downolad_files/data/nasdaq_annual_reports/catalyst-biosciences-inc/NASDAQ_CBIO_2018.pdf,ok,90.1,252,10-K,False,31,
../downolad_files/data/nasdaq_annual_reports/catalyst-pharmaceutical-partners-inc/NASDAQ_CPRX_2020.pdf,ok,31.7,206,10-K,False,22,
../downolad_files/data/nasdaq_annual_reports/catalyst-biosciences-inc/NASDAQ_CBIO_2020.pdf,ok,70.4,207,10-K,False,19,
../downolad_files/data/nasdaq_annual_reports/cavco-industries-inc/NASDAQ_CVCO_2019.pdf,ok,28.6,145,10-K,False,41,
../downolad_files/data/nasdaq_annual_reports/cavco-industries-inc/NASDAQ_CVCO_2020.pdf,ok,30.5,156,10-K,False,35,
../downolad_files/data/nasdaq_annual_reports/catalyst-biosciences-inc/NASDAQ_CBIO_2019.pdf,ok,105.7,207,10-K,False,19,
../downolad_files/data/nasdaq_annual_reports/cathay-general-bancorp/NASDAQ_CATY_2021.pdf,ok,63.9,266,10-K,False,76,
../downolad_files/data/nasdaq_annual_reports/cavco-industries-inc/NASDAQ_CVCO_2021.pdf,ok,27.7,14,,,1,
../downolad_files/data/nasdaq_annual_reports/cavco-industries-inc/NASDAQ_CVCO_2022.pdf,ok,30.8,11,,,1,
../downolad_files/data/nasdaq_annual_reports/cbak-energy-technology-inc/NASDAQ_CBAT_2016.pdf,ok,38.8,180,10-K,True,43,
../downolad_files/data/nasdaq_annual_reports/cbak-energy-technology-inc/NASDAQ_CBAT_2017.pdf,ok,28.0,194,10-K,False,61,
../downolad_files/data/nasdaq_annual_reports/cbak-energy-technology-inc/NASDAQ_CBAT_2018.pdf,ok,28.5,189,10-K,False,47,
../downolad_files/data/nasdaq_annual_reports/catalyst-pharmaceutical-partners-inc/NASDAQ_CPRX_2021.pdf,ok,78.2,229,10-K,False,24,
../downolad_files/data/nasdaq_annual_reports/cbak-energy-technology-inc/NASDAQ_CBAT_2019.pdf,ok,33.0,212,10-K,False,62,
../downolad_files/data/nasdaq_annual_reports/cbm-bancorp-inc/NASDAQ_CBMB_2019.pdf,ok,32.0,132,10-K,False,53,
../downolad_files/data/nasdaq_annual_reports/cboe-global-markets/NASDAQ_CBOE_2018.pdf,ok,41.9,236,10-K,False,71,
../downolad_files/data/nasdaq_annual_reports/cboe-global-markets/NASDAQ_CBOE_2019.pdf,ok,38.8,218,10-K,False,61,
../downolad_files/data/nasdaq_annual_reports/cbm-bancorp-inc/NASDAQ_CBMB_2020.pdf,ok,55.6,130,10-K,False,40,
../downolad_files/data/nasdaq_annual_reports/cboe-global-markets/NASDAQ_CBOE_2020.pdf,ok,41.2,258,10-K,False,61,
../downolad_files/data/nasdaq_annual_reports/cbak-energy-technology-inc/NASDAQ_CBAT_2020.pdf,ok,87.4,241,10-K,False,68,
../downolad_files/data/nasdaq_annual_reports/cbtx-inc/NASDAQ_CBTX_2019.pdf,ok,49.3,196,10-K,False,74,
../downolad_files/data/nasdaq_annual_reports/cbtx-inc/NASDAQ_CBTX_2017.pdf,ok,61.9,259,10-K,False,78,
../downolad_files/data/nasdaq_annual_reports/cboe-global-markets/NASDAQ_CBOE_2021.pdf,ok,75.5,264,10-K,False,64,
../downolad_files/data/nasdaq_annual_reports/cbtx-inc/NASDAQ_CBTX_2020.pdf,ok,47.0,213,10-K,False,76,
../downolad_files/data/nasdaq_annual_reports/cbtx-inc/NASDAQ_CBTX_2018.pdf,ok,44.2,221,10-K,False,74,
../downolad_files/data/nasdaq_annual_reports/cdk-global-inc/NASDAQ_CDK_2018.pdf,ok,86.7,184,10-K,False,64,
../downolad_files/data/nasdaq_annual_reports/cdk-global-inc/NASDAQ_CDK_2016.pdf,ok,106.0,206,10-K,False,56,
../downolad_files/data/nasdaq_annual_reports/cdk-global-inc/NASDAQ_CDK_2017.pdf,ok,100.0,213,10-K,False,63,
../downolad_files/data/nasdaq_annual_reports/cdw-corp/NASDAQ_CDW_2017.pdf,ok,29.9,176,10-K,False,69,
../downolad_files/data/nasdaq_annual_reports/cdk-global-inc/NASDAQ_CDK_2020.PDF,ok,31.2,196,10-K,False,53,
../downolad_files/data/nasdaq_annual_reports/cdk-global-inc/NASDAQ_CDK_2019.pdf,ok,108.5,211,10-K,False,65,
../downolad_files/data/nasdaq_annual_reports/cdw-corp/NASDAQ_CDW_2018.PDF,ok,23.2,158,10-K,False,69,
../downolad_files/data/nasdaq_annual_reports/cdw-corp/NASDAQ_CDW_2016.pdf,ok,56.2,292,10-K,False,75,
../downolad_files/data/nasdaq_annual_reports/cdw-corp/NASDAQ_CDW_2020.pdf,ok,33.8,143,10-K,False,53,
../downolad_files/data/nasdaq_annual_reports/cdw-corp/NASDAQ_CDW_2019.pdf,ok,40.6,143,10-K,False,56,
../downolad_files/data/nasdaq_annual_reports/ceco-environmental-corp/NASDAQ_CECE_2018.pdf,ok,31.3,32,,,6,
../downolad_files/data/nasdaq_annual_reports/ceco-environmental-corp/NASDAQ_CECE_2019.pdf,ok,31.9,132,10-K,,36,
../downolad_files/data/nasdaq_annual_reports/ceco-environmental-corp/NASDAQ_CECE_2020.pdf,ok,30.2,141,10-K,,37,
../downolad_files/data/nasdaq_annual_reports/cedar-realty-trust-inc/NASDAQ_CDR_2020.pdf,ok,31.2,130,10-K,False,33,
../downolad_files/data/nasdaq_annual_reports/cedar-realty-trust-inc/NASDAQ_CDR_2018.pdf,ok,38.6,117,10-K,False,32,
../downolad_files/data/nasdaq_annual_reports/cedar-realty-trust-inc/NASDAQ_CDR_2021.pdf,ok,39.1,153,10-K,False,49,
../downolad_files/data/nasdaq_annual_reports/ceco-environmental-corp/NASDAQ_CECE_2021.pdf,ok,61.1,124,10-K,,21,
../downolad_files/data/nasdaq_annual_reports/cedar-realty-trust-inc/NASDAQ_CDR_2019.pdf,ok,44.8,189,10-K,False,53,
../downolad_files/data/nasdaq_annual_reports/celcuity-inc/NASDAQ_CELC_2020.pdf,ok,25.6,151,,False,20,
../downolad_files/data/nasdaq_annual_reports/celcuity-inc/NASDAQ_CELC_2017.pdf,ok,51.9,141,10-K,False,15,
../downolad_files/data/nasdaq_annual_reports/celcuity-inc/NASDAQ_CELC_2018.pdf,ok,49.9,141,10-K,False,17,
../downolad_files/data/nasdaq_annual_reports/celcuity-inc/NASDAQ_CELC_2019.pdf,ok,49.6,139,10-K,False,18,
../downolad_files/data/nasdaq_annual_reports/celldex-therapeutics-inc/NASDAQ_CLDX_2019.pdf,ok,33.7,196,10-K,False,29,
../downolad_files/data/nasdaq_annual_reports/celldex-therapeutics-inc/NASDAQ_CLDX_2020.pdf,ok,66.2,189,10-K,False,28,
../downolad_files/data/nasdaq_annual_reports/celldex-therapeutics-inc/NASDAQ_CLDX_2018.pdf,ok,71.1,189,10-K,False,32,
../downolad_files/data/nasdaq_annual_reports/celldex-therapeutics-inc/NASDAQ_CLDX_2021.pdf,ok,65.0,191,10-K,False,28,
../downolad_files/data/nasdaq_annual_reports/cellectar-biosciences-inc/NASDAQ_CLRB_2018.pdf,ok,42.9,120,10-K,False,20,
../downolad_files/data/nasdaq_annual_reports/cellectar-biosciences-inc/NASDAQ_CLRB_2019.pdf,ok,52.1,131,10-K,False,16,
../downolad_files/data/nasdaq_annual_reports/cellectar-biosciences-inc/NASDAQ_CLRB_2021.pdf,ok,75.1,169,10-K,False,14,
